text,label
"Мені сподобалося, але є моменти, які можна покращити.", нейтральний
"Це справжнє відкриття! Я в захваті!", позитивний
"Це треш", негативний
"На жаль, не виправдало моїх сподівань.", негативний
"Дуже приємно, що вибір був вдалим!", позитивний
"Все було добре, але нічого особливого.", нейтральний
"Це мій фаворит! Не шкодую про покупку!", позитивний
"Цілком прийнятно, але хотілося б більше.", нейтральний
"Вражаючий продукт! Я просто в захваті!", позитивний
"Досить простий, нічого особливого.", нейтральний
"Це справжній шедевр! Не можу натішитися!", позитивний
"Знову не те, що сподівалася. Розчарування.", негативний
"Загалом, непогано, але є нюанси.", нейтральний
"Чудове враження! Рекомендую всім!", позитивний
"Виглядає краще, ніж очікувала, але є недоліки.", нейтральний
"Це просто вражаюче! Найкраща покупка року!", позитивний
"Непогано, але є ще над чим працювати.", нейтральний
"Я в захваті! Вартує кожної копійки!", позитивний
"Не те, що я уявляла. Досить розчаровано.", негативний
"Цілком пристойно, але не більше того.", нейтральний
"Продукт перевершив мої очікування!", позитивний
"Цілком нормально, але без емоцій.", нейтральний  
"Я в захваті від цього! Це найкраще!", позитивний  
"Не сподобалося, дуже розчарована.", негативний  
"Дуже хороша якість, задоволена!", позитивний  
"Звичайно, могло бути краще.", нейтральний  
"Просто неймовірно! Я рекомендую всім!", позитивний  
"Досить посередньо, очікувала більшого.", негативний  
"Це те, що я шукала! Дуже задоволена!", позитивний  
"Мені сподобалося, але є деякі зауваження.", нейтральний  
"Це просто фантастика! Не можу натішитися!", позитивний  
"Не виправдало очікувань. Дуже розчаровано.", негативний  
"Цілком звичайно, але нічого особливого.", нейтральний  
"Найкраща покупка цього місяця! Дуже рада!", позитивний  
"Цілком пристойно, але без вражень.", нейтральний  
"Це справжня знахідка! Я щаслива!", позитивний  
"На жаль, не те, що я хотіла. Розчарування.", негативний  
"Приємно, але не вражаюче.", нейтральний  
"Я просто в захваті! Це ідеально!", позитивний  
"Досить непогано, але є нюанси.", нейтральний  
"Це просто чудово! Я дуже задоволена!", позитивний  
"Не те, що я сподівалася. Велике розчарування.", негативний  
"Цілком нормально, але нічого особливого.", нейтральний  
"Моя улюблена річ! Я не шкодую!", позитивний  
"Загалом, непогано, але є моменти для покращення.", нейтральний  
"Це справжній шедевр! Я дуже щаслива!", позитивний  
"Не те, що очікувала. Розчарована.", негативний  
"Приємно, але могло бути краще.", нейтральний  
"Я в захваті! Вартує кожної гривні!", позитивний  
"Цілком прийнятно, але не більше того.", нейтральний  
"Це просто приголомшливо! Найкраща покупка!", позитивний  
"Не сподобалося, велике розчарування.", негативний  
"Цілком задовільно, але не вражає.", нейтральний  
"Чудова покупка! Я дуже рада!", позитивний  
"Досить непогано, але є недоліки.", нейтральний  
"Це просто неймовірно! Я щаслива!", позитивний  
"Розчарування, зовсім не те, що очікувала.", негативний  
"Цілком нормально, але не особливо вражає.", нейтральний  
"Моя улюблена покупка цього року!", позитивний  
"Загалом, непогано, але я очікувала більшого.", нейтральний  
"Це чудово! Не можу натішитися!", позитивний  
"На жаль, це не виправдало моїх сподівань.", негативний  
"Цілком нормально, але нічого вражаючого.", нейтральний  
"Це моя знахідка! Я дуже задоволена!", позитивний  
"Досить посередньо, але є позитивні моменти.", нейтральний  
"Вражаючий продукт! Я в захваті!", позитивний  
"На жаль, не сподобалося. Розчарування.", негативний  
"Цілком прийнятно, але не вражає.", нейтральний  
"Це справжня радість! Я рекомендую!", позитивний  
"Не те, що я очікував. Велике розчарування.", негативний  
"Мені сподобалося, але є недоліки.", нейтральний  
"Я просто в захваті! Це ідеально!", позитивний  
"Не те, що очікувала. Розчарування.", негативний  
"Цілком нормально, але не вражає.", нейтральний  
"Моя улюблена покупка! Я не шкодую!", позитивний  
"Цілком задовільно, але могли б і краще.", нейтральний  
"Це просто чудово! Я дуже задоволена!", позитивний  
"Розчарування, зовсім не те, що очікувала.", негативний  
"Цілком нормально, але нічого особливого.", нейтральний  
"Це справжнє відкриття! Я в захваті!", позитивний  
"Не сподобалося, дуже розчарована.", негативний  
"Досить непогано, але є недоліки.", нейтральний  
"Чудова річ! Я дуже щаслива!", позитивний  
"Цілком прийнятно, але не більше того.", нейтральний  
"Це просто приголомшливо! Я в захваті!", позитивний  
"Не те, що очікувала. Розчарування.", негативний  
"Цілком нормально, але не вражає.", нейтральний  
"Це моя улюблена покупка! Дуже рада!", позитивний  
"Загалом, непогано, але є моменти для покращення.", нейтральний  
"Це чудово! Я рекомендую всім!", позитивний  
"На жаль, не сподобалося. Розчарування.", негативний  
"Цілком прийнятно, але не вражає.", нейтральний  
"Це просто неймовірно! Я дуже щаслива!", позитивний  
"Не те, що я хотіла. Розчарування.", негативний  
"Цілком нормально, але не особливо вражає.", нейтральний  
"Я в захваті! Це найкраще!", позитивний  
"Цілком прийнятно, але є нюанси.", нейтральний  
"Це просто вражаюче! Я щаслива!", позитивний  
"На жаль, не виправдало моїх сподівань.", негативний  
"Дуже якісний продукт! Задоволена!", позитивний  
"Мені сподобалося, але очікувала більшого.", нейтральний  
"Це просто чудово! Я дуже рада!", позитивний  
"Не те, що я уявляла. Розчарування.", негативний  
"Цілком нормально, але не вражає.", нейтральний  
"Я в захваті від цього! Найкраще придбання!", позитивний  
"Загалом, непогано, але є моменти для покращення.", нейтральний  
"Це просто фантастика! Я щаслива!", позитивний  
"Не сподобалося, дуже розчарована.", негативний  
"Цілком пристойно, але без вражень.", нейтральний  
"Моя улюблена річ! Дуже рекомендую!", позитивний  
"Цілком нормально, але хотілося б більше.", нейтральний  
"Це справжня знахідка! Я в захваті!", позитивний  
"Не те, що очікувала. Розчарування.", негативний  
"Приємно, але могло бути краще.", нейтральний  
"Я просто в захваті! Це чудово!", позитивний  
"Досить непогано, але є недоліки.", нейтральний  
"Це справжній шедевр! Я дуже щаслива!", позитивний  
"На жаль, не сподобалося. Розчарування.", негативний  
"Цілком нормально, але не особливо вражає.", нейтральний  
"Це моя знахідка! Дуже задоволена!", позитивний  
"Загалом, непогано, але я очікувала більшого.", нейтральний  
"Це чудово! Не можу натішитися!", позитивний  
"Не те, що очікувала. Розчарування.", негативний  
"Цілком нормально, але без емоцій.", нейтральний  
"Це просто приголомшливо! Я в захваті!", позитивний  
"Не сподобалося, велике розчарування.", негативний  
"Цілком прийнятно, але не вражає.", нейтральний  
"Це справжня радість! Я рекомендую!", позитивний  
"Не те, що я очікував. Велике розчарування.", негативний  
"Мені сподобалося, але є недоліки.", нейтральний  
"Я просто в захваті! Це ідеально!", позитивний  
"Не те, що очікувала. Розчарування.", негативний  
"Цілком нормально, але не вражає.", нейтральний  
"Моя улюблена покупка! Я не шкодую!", позитивний  
"Цілком задовільно, але могли б і краще.", нейтральний  
"Це просто чудово! Я дуже задоволена!", позитивний  
"Розчарування, зовсім не те, що очікувала.", негативний  
"Цілком нормально, але нічого особливого.", нейтральний  
"Це справжнє відкриття! Я в захваті!", позитивний  
"Не сподобалося, дуже розчарована.", негативний  
"Досить непогано, але є недоліки.", нейтральний  
"Чудова річ! Я дуже щаслива!", позитивний  
"Цілком прийнятно, але не більше того.", нейтральний  
"Це просто приголомшливо! Я в захваті!", позитивний  
"Не те, що очікувала. Розчарування.", негативний  
"Цілком нормально, але не вражає.", нейтральний  
"Це моя улюблена покупка! Дуже рада!", позитивний  
"Загалом, непогано, але є моменти для покращення.", нейтральний  
"Це чудово! Я рекомендую всім!", позитивний  
"На жаль, не сподобалося. Розчарування.", негативний  
"Цілком прийнятно, але не вражає.", нейтральний  
"Це просто неймовірно! Я дуже щаслива!", позитивний  
"Не те, що я хотіла. Розчарування.", негативний  
"Цілком нормально, але не особливо вражає.", нейтральний  
"Я в захваті! Це найкраще!", позитивний  
"Цілком нормально, але є моменти для покращення.", нейтральний  
"Це просто вражаюче! Я щаслива!", позитивний  
"На жаль, не виправдало моїх сподівань.", негативний  
"Досить непогано, але без особливого враження.", нейтральний  
"Чудова покупка! Я дуже рада!", позитивний  
"Цілком нормально, але нічого особливого.", нейтральний  
"Це справжня знахідка! Я в захваті!", позитивний  
"Не те, що очікувала. Розчарування.", негативний  
"Цілком нормально, але не вражає.", нейтральний  
"Я просто в захваті! Це чудово!", позитивний  
"На жаль, не сподобалося. Розчарування.", негативний  
"Цілком прийнятно, але не більше того.", нейтральний  
"Це справжня радість! Я рекомендую!", позитивний  
"Не те, що я очікував. Розчарування.", негативний  
"Мені сподобалося, але є недоліки.", нейтральний  
"Я просто в захваті! Це ідеально!", позитивний  
"Не те, що очікувала. Розчарування.", негативний  
"Цілком нормально, але не вражає.", нейтральний  
"Моя улюблена покупка! Я не шкодую!", позитивний  
"Цілком задовільно, але могли б і краще.", нейтральний  
"Це просто чудово! Я дуже задоволена!", позитивний  
"Розчарування, зовсім не те, що очікувала.", негативний  
"Цілком нормально, але нічого особливого.", нейтральний  
"Це справжнє відкриття! Я в захваті!", позитивний  
"Цілком прийнятно, але є деякі нюанси.", нейтральний  
"Це просто чудо! Я щаслива!", позитивний  
"На жаль, не виправдало моїх сподівань.", негативний  
"Дуже якісний продукт! Я задоволена!", позитивний  
"Мені сподобалося, але очікувала більшого.", нейтральний  
"Це просто вражаюче! Я дуже рада!", позитивний  
"Не те, що я уявляла. Розчарування.", негативний  
"Цілком нормально, але не вражає.", нейтральний  
"Я в захваті від цього! Найкраще придбання!", позитивний  
"Загалом, непогано, але є моменти для покращення.", нейтральний  
"Це просто фантастика! Я щаслива!", позитивний  
"Не сподобалося, дуже розчарована.", негативний  
"Цілком пристойно, але без вражень.", нейтральний  
"Моя улюблена річ! Дуже рекомендую!", позитивний  
"Цілком нормально, але хотілося б більше.", нейтральний  
"Це справжня знахідка! Я в захваті!", позитивний  
"Не те, що очікувала. Розчарування.", негативний  
"Приємно, але могло бути краще.", нейтральний  
"Я просто в захваті! Це чудово!", позитивний  
"Досить непогано, але є недоліки.", нейтральний  
"Це справжній шедевр! Я дуже щаслива!", позитивний  
"На жаль, не сподобалося. Розчарування.", негативний  
"Цілком нормально, але не особливо вражає.", нейтральний  
"Це моя знахідка! Дуже задоволена!", позитивний  
"Загалом, непогано, але я очікувала більшого.", нейтральний  
"Це чудово! Не можу натішитися!", позитивний  
"Не те, що очікувала. Розчарування.", негативний  
"Цілком нормально, але без емоцій.", нейтральний  
"Це просто приголомшливо! Я в захваті!", позитивний  
"Не сподобалося, велике розчарування.", негативний  
"Цілком прийнятно, але не вражає.", нейтральний  
"Це справжня радість! Я рекомендую!", позитивний  
"Не те, що я очікував. Велике розчарування.", негативний  
"Мені сподобалося, але є недоліки.", нейтральний  
"Я просто в захваті! Це ідеально!", позитивний  
"Не те, що очікувала. Розчарування.", негативний  
"Цілком нормально, але не вражає.", нейтральний  
"Моя улюблена покупка! Я не шкодую!", позитивний  
"Цілком задовільно, але могли б і краще.", нейтральний  
"Це просто чудово! Я дуже задоволена!", позитивний  
"Розчарування, зовсім не те, що очікувала.", негативний  
"Цілком нормально, але нічого особливого.", нейтральний  
"Це справжнє відкриття! Я в захваті!", позитивний  
"Не сподобалося, дуже розчарована.", негативний  
"Досить непогано, але є недоліки.", нейтральний  
"Чудова річ! Я дуже щаслива!", позитивний  
"Цілком прийнятно, але не більше того.", нейтральний  
"Це просто приголомшливо! Я в захваті!", позитивний  
"Не те, що очікувала. Розчарування.", негативний  
"Цілком нормально, але не вражає.", нейтральний  
"Це моя улюблена покупка! Дуже рада!", позитивний  
"Загалом, непогано, але є моменти для покращення.", нейтральний  
"Це чудово! Я рекомендую всім!", позитивний  
"На жаль, не сподобалося. Розчарування.", негативний  
"Цілком прийнятно, але не вражає.", нейтральний  
"Це просто неймовірно! Я дуже щаслива!", позитивний  
"Не те, що я хотіла. Розчарування.", негативний  
"Цілком нормально, але не особливо вражає.", нейтральний  
"Я в захваті! Це найкраще!", позитивний  
"Цілком нормально, але є моменти для покращення.", нейтральний  
"Це просто вражаюче! Я щаслива!", позитивний  
"На жаль, не виправдало моїх сподівань.", негативний  
"Досить непогано, але без особливого враження.", нейтральний  
"Чудова покупка! Я дуже рада!", позитивний  
"Цілком нормально, але нічого особливого.", нейтральний  
"Це справжня знахідка! Я в захваті!", позитивний  
"Не те, що очікувала. Розчарування.", негативний  
"Цілком нормально, але не вражає.", нейтральний  
"Я просто в захваті! Це чудово!", позитивний  
"На жаль, не сподобалося. Розчарування.", негативний  
"Цілком прийнятно, але не більше того.", нейтральний  
"Це справжня радість! Я рекомендую!", позитивний  
"Не те, що я очікував. Розчарування.", негативний  
"Мені сподобалося, але є недоліки.", нейтральний  
"Я просто в захваті! Це ідеально!", позитивний  
"Не те, що очікувала. Розчарування.", негативний  
"Цілком нормально, але не вражає.", нейтральний  
"Моя улюблена покупка! Я не шкодую!", позитивний  
"Цілком задовільно, але могли б і краще.", нейтральний  
"Це просто чудово! Я дуже задоволена!", позитивний  
"Розчарування, зовсім не те, що очікувала.", негативний  
"Цілком нормально, але нічого особливого.", нейтральний  
"Це справжнє відкриття! Я в захваті!", позитивний  
"Цілком прийнятно, але без вражень.", нейтральний  
"Це просто неймовірно! Я щаслива!", позитивний  
"Не сподобалося, дуже розчарована.", негативний  
"Досить непогано, але є недоліки.", нейтральний  
"Чудова річ! Я дуже щаслива!", позитивний  
"Цілком нормально, але не особливо вражає.", нейтральний  
"Це справжня знахідка! Я в захваті!", позитивний  
"Не те, що очікувала. Розчарування.", негативний  
"Цілком нормально, але не вражає.", нейтральний  
"Я просто в захваті! Це чудово!", позитивний  
"На жаль, не сподобалося. Розчарування.", негативний  
"Цілком прийнятно, але не більше того.", нейтральний  
"Це справжня радість! Я рекомендую!", позитивний  
"Не те, що я очікував. Розчарування.", негативний  
"Мені сподобалося, але є недоліки.", нейтральний  
"Я просто в захваті! Це ідеально!", позитивний  
"Не те, що очікувала. Розчарування.", негативний  
"Цілком нормально, але не вражає.", нейтральний  
"Моя улюблена покупка! Я не шкодую!", позитивний  
"Цілком задовільно, але могли б і краще.", нейтральний  
"Це просто чудово! Я дуже задоволена!", позитивний  
"Розчарування, зовсім не те, що очікувала.", негативний  
"Цілком прийнятно, але є недоліки.", нейтральний  
"Це справжнє відкриття! Я в захваті!", позитивний  
"На жаль, не сподобалося. Велике розчарування.", негативний  
"Дуже якісний продукт! Я дуже задоволена!", позитивний  
"Мені сподобалося, але очікувала більшого.", нейтральний  
"Це просто чудово! Я щаслива!", позитивний  
"Не те, що я уявляла. Розчарування.", негативний  
"Цілком нормально, але не вражає.", нейтральний  
"Я в захваті! Найкраще придбання!", позитивний  
"Загалом, непогано, але є моменти для покращення.", нейтральний  
"Це просто фантастика! Я щаслива!", позитивний  
"Не сподобалося, дуже розчарована.", негативний  
"Цілком пристойно, але без вражень.", нейтральний  
"Моя улюблена річ! Дуже рекомендую!", позитивний  
"Цілком нормально, але хотілося б більше.", нейтральний  
"Це справжня знахідка! Я в захваті!", позитивний  
"Не те, що очікувала. Розчарування.", негативний  
"Приємно, але могло бути краще.", нейтральний  
"Я просто в захваті! Це чудово!", позитивний  
"Досить непогано, але є недоліки.", нейтральний  
"Це справжній шедевр! Я дуже щаслива!", позитивний  
"На жаль, не сподобалося. Розчарування.", негативний  
"Цілком нормально, але не особливо вражає.", нейтральний  
"Це моя знахідка! Дуже задоволена!", позитивний  
"Загалом, непогано, але я очікувала більшого.", нейтральний  
"Це чудово! Не можу натішитися!", позитивний  
"Не те, що очікувала. Розчарування.", негативний  
"Цілком нормально, але без емоцій.", нейтральний  
"Це просто приголомшливо! Я в захваті!", позитивний  
"Не сподобалося, велике розчарування.", негативний  
"Цілком прийнятно, але не вражає.", нейтральний  
"Це справжня радість! Я рекомендую!", позитивний  
"Не те, що я очікував. Велике розчарування.", негативний  
"Мені сподобалося, але є недоліки.", нейтральний  
"Я просто в захваті! Це ідеально!", позитивний  
"Не те, що очікувала. Розчарування.", негативний  
"Цілком нормально, але не вражає.", нейтральний  
"Моя улюблена покупка! Я не шкодую!", позитивний  
"Цілком задовільно, але могли б і краще.", нейтральний  
"Це просто чудово! Я дуже задоволена!", позитивний  
"Розчарування, зовсім не те, що очікувала.", негативний  
"Цілком нормально, але нічого особливого.", нейтральний  
"Це справжнє відкриття! Я в захваті!", позитивний  
"Не сподобалося, дуже розчарована.", негативний  
"Досить непогано, але є недоліки.", нейтральний  
"Чудова річ! Я дуже щаслива!", позитивний  
"Цілком прийнятно, але не більше того.", нейтральний  
"Це просто приголомшливо! Я в захваті!", позитивний  
"Не те, що очікувала. Розчарування.", негативний  
"Цілком нормально, але не вражає.", нейтральний  
"Це моя улюблена покупка! Дуже рада!", позитивний  
"Загалом, непогано, але є моменти для покращення.", нейтральний  
"Це чудово! Я рекомендую всім!", позитивний  
"На жаль, не сподобалося. Розчарування.", негативний  
"Цілком прийнятно, але не вражає.", нейтральний  
"Це просто неймовірно! Я дуже щаслива!", позитивний  
"Не те, що я хотіла. Розчарування.", негативний  
"Цілком нормально, але не особливо вражає.", нейтральний  
"Я в захваті! Це найкраще!", позитивний  
"Цілком нормально, але є моменти для покращення.", нейтральний  
"Це просто вражаюче! Я щаслива!", позитивний  
"На жаль, не виправдало моїх сподівань.", негативний  
"Досить непогано, але без особливого враження.", нейтральний  
"Чудова покупка! Я дуже рада!", позитивний  
"Цілком нормально, але нічого особливого.", нейтральний  
"Це справжня знахідка! Я в захваті!", позитивний  
"Не те, що очікувала. Розчарування.", негативний  
"Цілком нормально, але не вражає.", нейтральний  
"Я просто в захваті! Це чудово!", позитивний  
"На жаль, не сподобалося. Розчарування.", негативний  
"Цілком прийнятно, але не більше того.", нейтральний  
"Це справжня радість! Я рекомендую!", позитивний  
"Не те, що я очікував. Розчарування.", негативний  
"Мені сподобалося, але є недоліки.", нейтральний  
"Я просто в захваті! Це ідеально!", позитивний  
"Не те, що очікувала. Розчарування.", негативний  
"Цілком нормально, але не вражає.", нейтральний  
"Моя улюблена покупка! Я не шкодую!", позитивний  
"Цілком задовільно, але могли б і краще.", нейтральний  
"Це просто чудово! Я дуже задоволена!", позитивний  
"Розчарування, зовсім не те, що очікувала.", негативний  
"Цілком нормально, але нічого особливого.", нейтральний  
"Це справжнє відкриття! Я в захваті!", позитивний  
"Цілком прийнятно, але без вражень.", нейтральний  
"Це просто неймовірно! Я щаслива!", позитивний  
"Не сподобалося, дуже розчарована.", негативний  
"Досить непогано, але є недоліки.", нейтральний
"Чудова річ! Я дуже щаслива!", позитивний
"Цілком нормально, але не особливо вражає.", нейтральний
"Це справжня знахідка! Я в захваті!", позитивний
"Не те, що очікувала. Розчарування.", негативний
"Цілком нормально, але не вражає.", нейтральний
"Я просто в захваті! Це чудово!", позитивний
"На жаль, не сподобалося. Розчарування.", негативний
"Цілком прийнятно, але не більше того.", нейтральний
"Це справжня радість! Я рекомендую!", позитивний
"Не те, що я очікував. Розчарування.", негативний
"Мені сподобалося, але є недоліки.", нейтральний
"Я просто в захваті! Це ідеально!", позитивний
"Не те, що очікувала. Розчарування.", негативний
"Цілком нормально, але не вражає.", нейтральний
"Моя улюблена покупка! Я не шкодую!", позитивний
"Цілком задовільно, але могли б і краще.", нейтральний
"Це просто чудово! Я дуже задоволена!", позитивний  
"Розчарування, зовсім не те, що очікувала.", негативний
"Це жахливо", негативний
"Це треш", негативний
"Цілком прийнятно, але хотілося б більше.", нейтральний
"Вражаючий продукт! Я просто в захваті!", позитивний
"Досить простий, нічого особливого.", нейтральний
"Виконує свою роботу, але без захвату.", нейтральний
"Справжнє задоволення, рекомендую всім!", позитивний
"Не можу сказати, що це найкраще, але працює.", нейтральний
"Чудовий варіант за цю ціну!", позитивний
"Цілком нормальний, але нічого не вражає.", нейтральний
"Не поганий, але є й кращі варіанти.", нейтральний
"Залишився задоволений, варто купувати!", позитивний
"Просто продукт, нічого більше.", нейтральний
"Підходить для повсякденного використання.", нейтральний
"Приємно здивований якістю! Вау Вау Вау", позитивний
"Досить звичайний, але виконує свою функцію.", нейтральний
"Сподобалося, рекомендую спробувати!", позитивний
"Не погано, але не впевнений, чи куплю ще раз.", нейтральний
"Вау, Цей продукт вартий уваги!", позитивний
"Може бути кращим, але в цілому нормально.", нейтральний
"Досить зручний у використанні.", нейтральний
"Товар справляє враження, але не на 100%.", нейтральний
"Не погано, але не впевнений, чи куплю ще раз.", нейтральний  
"Вау, цей продукт вартий уваги!", позитивний  
"Може бути кращим, але в цілому нормально.", нейтральний  
"Досить зручний у використанні.", нейтральний  
"Товар справляє враження, але не на 100%.", нейтральний  
"Це точно не те, на що я сподівався.", негативний  
"Класна річ, але потребує деяких вдосконалень.", нейтральний  
"Чудовий досвід, я б рекомендував!", позитивний  
"Товар приємно здивував, але є нюанси.", нейтральний  
"Не зовсім те, що я очікував, але в принципі непогано.", нейтральний  
"Цей продукт виправдовує свою ціну.", позитивний  
"Не можу сказати, що в захваті, але підійде.", нейтральний  
"Непогано, але хотів би більше функцій.", нейтральний  
"Це було цікаво, але не вразило.", нейтральний  
"Досить добре, щоб спробувати ще раз.", позитивний  
"Чудове рішення для повсякденного використання!", позитивний  
"Виглядає стильно, але може бути функціональнішим.", нейтральний  
"Куплю ще раз, якщо з’явиться акція.", нейтральний  
"Це не найгірший варіант, але й не найкращий.", нейтральний  
"Товар відмінно підходить для подарунка.", позитивний  
"Цей продукт не зіпсував моїх очікувань.", позитивний  
"Виглядає гарно, але якість могла б бути кращою.", нейтральний  
"Мені подобається, але не все вдалося.", нейтральний  
"Треба звикати, але загалом добре.", нейтральний  
"Чудова річ, але ціна трохи завищена.", нейтральний  
"Я не знав, що це так класно!", позитивний  
"Непогано, але не викликало особливих емоцій.", нейтральний  
"Можливо, варто спробувати інші варіанти.", нейтральний  
"Це точно варте уваги, якщо вам це потрібно.", позитивний  
"Зручний у використанні, але є нюанси.", нейтральний  
"Сумніваюся, що знову куплю, але був радий спробувати.", нейтральний  
"Чудова якість за хорошу ціну!", позитивний  
"Цей продукт вразив, але не став улюбленим.", нейтральний  
"Спочатку не сподобався, але потім полюбив.", позитивний  
"Досить цікаво, але хотілося б більше варіантів.", нейтральний  
"Товар справді хороший, але не ідеальний.", нейтральний  
"Відмінне рішення для щоденного використання!", позитивний  
"Не зовсім те, що я очікував, але все ж непогано.", нейтральний  
"Цей продукт викликав у мене позитивні емоції!", позитивний  
"Важко зрозуміти, чи варто купувати ще раз.", нейтральний  
"Це справжня знахідка, якщо ви шукаєте щось подібне.", позитивний  
"Класний продукт, але є місце для поліпшення.", нейтральний  
"Може бути краще, але в цілому непогано.", нейтральний  
"Товар відмінний, але ціна трохи кусюча.", нейтральний  
"Не думав, що буду настільки вражений!", позитивний  
"Здається, що з цим товаром легко жити!", позитивний  
"Не зовсім задоволений, але знову спробую.", нейтральний  
"Це, напевно, не для всіх, але я полюбив це.", позитивний  
"Виглядає цікаво, але хотілося б більше деталей.", нейтральний  
"Не можу сказати, що був вражений, але нормально.", нейтральний  
"Цей продукт явно потребує вдосконалення.", негативний  
"Досить хороша річ, щоб спробувати ще раз.", позитивний  
"Справжній гігант серед своїх конкурентів!", позитивний  
"Чудово, але не без недоліків.", нейтральний  
"Це точно не найгірший вибір на ринку.", нейтральний  
"Можливо, не для всіх, але я в захваті!", позитивний  
"Цей товар не розчарував, але й не вразив.", нейтральний  
"Товар хороший, але наступного разу спробую щось інше.", нейтральний  
"Досить зручний, але не ідеальний.", нейтральний  
"Це мій новий фаворит, не можу з ним розстатися!", позитивний  
"Виглядає так, як я очікував, але хочеться більше.", нейтральний  
"Вражаюче, я не очікував такого результату!", позитивний  
"Цей продукт може бути кращим, але й так непоганий.", нейтральний  
"Досить приємно користуватися, але не ідеально.", нейтральний  
"Це точно варто спробувати, якщо вам це потрібно!", позитивний  
"Не можу сказати, що розчарований, але і не в захваті.", нейтральний  
"Чудова знахідка для мого хобі!", позитивний  
"Може бути краще, але в цілому непогано.", нейтральний  
"Цей продукт залишив приємне враження.", позитивний  
"Мені сподобалося, але не знаю, чи куплю знову.", нейтральний  
"Цей товар вразив, але є кілька зауважень.", нейтральний  
"Вау, я не очікував, що це буде настільки класно!", позитивний  
"Непогано, але хотілося б більшої функціональності.", нейтральний  
"Це досить зручно, але потребує доопрацювання.", нейтральний  
"Товар хороший, але не зовсім виправдовує очікування.", нейтральний  
"Цей продукт підняв мені настрій!", позитивний  
"Не можу сказати, що задоволений, але й не розчарований.", нейтральний  
"Досить цікаво, але треба звикнути.", нейтральний  
"Це те, що мені потрібно було!", позитивний  
"Непогано, але не вражаюче.", нейтральний  
"Товар справляє враження, але не на всі 100%.", нейтральний  
"Цей продукт справді вартий уваги!", позитивний  
"Виглядає добре, але хотілося б кращої якості.", нейтральний  
"Досить легко використовувати, але є нюанси.", нейтральний  
"Цей товар просто супер, я в захваті!", позитивний  
"Не зовсім те, що я очікував, але все ж непогано.", нейтральний  
"Цей продукт зробив моє життя легшим!", позитивний  
"Це може бути краще, але мені це подобається.", нейтральний  
"Товар класний, але ціна могла б бути нижчою.", нейтральний  
"Мені це сподобалося, але не всією душею.", нейтральний  
"Відмінне рішення для мого стилю життя!", позитивний  
"Непогано, але в чомусь мені не вистачає.", нейтральний  
"Цей товар заслуговує на увагу!", позитивний  
"Це не найгірший вибір, але й не найкращий.", нейтральний  
"Досить зручно, але дещо незвично.", нейтральний  
"Цей продукт точно поліпшив мій день!", позитивний  
"Можливо, варто спробувати щось інше наступного разу.", нейтральний  
"Цей товар мені підійшов, але не для всіх.", нейтральний  
"Це просто чудово, я в захваті!", позитивний  
"Досить добре, але хотілося б більше функцій.", нейтральний  
"Цей продукт вартий своїх грошей!", позитивний  
"Не можу сказати, що це найкраще, але мені подобається.", нейтральний  
"Досить цікаве рішення, але не ідеальне.", нейтральний  
"Цей товар вразив, але є кілька недоліків.", нейтральний  
"Це не зовсім те, що я хотів, але нормально.", нейтральний  
"Куплю ще раз, якщо з’явиться знижка!", нейтральний  
"Цей продукт зробив мій день!", позитивний  
"Цілком задоволений, але не без зауважень.", нейтральний  
"Цей товар точно вартий уваги!", позитивний  
"Можливо, варто спробувати інші варіанти.", нейтральний  
"Цей продукт вражає, але не ідеальний.", нейтральний  
"Я в захваті, це просто супер!", позитивний  
"Не впевнений, чи буду купувати знову, але цікаво.", нейтральний  
"Цей товар дійсно вразив мої очікування!", позитивний  
"Досить зручно, але не ідеально.", нейтральний  
"Цей продукт став моїм улюбленим!", позитивний  
"Не зовсім те, що я сподівався, але нормально.", нейтральний  
"Це класне рішення для моїх потреб!", позитивний  
"Досить непогано, але є місце для вдосконалення.", нейтральний  
"Цей товар мене не розчарував!", позитивний  
"Куплю ще раз, якщо зможу знайти знижку.", нейтральний  
"Цей продукт справді корисний!", позитивний  
"Можливо, варто шукати інші варіанти.", нейтральний  
"Досить цікаво, але не ідеально.", нейтральний  
"Це те, що я шукав!", позитивний  
"Вражає, але не без недоліків.", нейтральний  
"Цей товар точно вартий спроби!", позитивний  
"Не можу сказати, що в захваті, але нормально.", нейтральний  
"Цей продукт мені дійсно сподобався!", позитивний  
"Досить добре, але є нюанси.", нейтральний  
"Цей товар справді хороший, але є місце для вдосконалення.", нейтральний  
"Я рекомендую цей продукт всім!", позитивний  
"Не зовсім те, на що я сподівався, але в цілому нормально.", нейтральний  
"Цей товар викликав у мене позитивні емоції!", позитивний  
"Досить зручно, але хочеться більше можливостей.", нейтральний  
"Цей товар зовсім не виправдав моїх очікувань.", негативний  
"Величезне розчарування, не куплю знову.", негативний  
"Якість погана, а ціна завищена.", негативний  
"Не варто своїх грошей, зовсім не рекомендую.", негативний  
"Товар виявився не таким, як описано.", негативний  
"Мені не сподобався, дуже розчарований.", негативний  
"Цей продукт не працює, як обіцяли.", негативний  
"Враження гірше, ніж я думав.", негативний  
"Не можу повірити, що купив це.", негативний  
"Це було марно витрачені гроші.", негативний  
"Купив, а тепер шкодую про цю покупку.", негативний  
"Виглядає дешево і ненадійно.", негативний  
"Цей товар зламався після першого використання.", негативний  
"Не рекомендую, зовсім не якісний продукт.", негативний  
"Товар зовсім не відповідає опису.", негативний  
"Забагато недоліків, щоб виправдати ціну.", негативний  
"Це найгірше, що я купував за останній час.", негативний  
"Продукт не виправдав надій, дуже незадоволений.", негативний  
"Купувати не рекомендую, розчарування!", негативний  
"Дуже незадоволений якістю товару.", негативний  
"Товар не відповідає своїй рекламі.", негативний  
"Це не те, що я очікував, розчарування.", негативний  
"Якість жахлива, не варто купувати.", негативний  
"Після використання став ще більш розчарованим.", негативний  
"Це було погане рішення, не куплю знову.", негативний  
"Виглядає добре, але якість жахлива.", негативний  
"Нікому не рекомендую, зовсім не виправдало сподівань.", негативний  
"Продукт виявився абсолютно непотрібним.", негативний  
"Після покупки лише розчарування.", негативний  
"Не знаю, навіщо я це купував.", негативний  
"Це було великою помилкою купувати цей товар.", негативний  
"Товар зовсім не підходить для використання.", негативний  
"Невдале придбання, не рекомендую.", негативний  
"Не сподобалося, дуже погано.", негативний  
"Продукт виявився жахливою покупкою.", негативний  
"Дуже неякісний товар, не рекомендую.", негативний  
"Не дотягує до заявлених стандартів.", негативний  
"Цей продукт мене зовсім розчарував.", негативний  
"Виглядає непогано, але насправді жахливо.", негативний  
"Це не те, на що я сподівався.", негативний  
"Мене не вразив, погано працює.", негативний  
"Цей товар — справжнє розчарування.", негативний  
"Вартість не відповідає якості, надто висока.", негативний  
"Мені не сподобалося, тільки витратив гроші.", негативний  
"Цей продукт не працює так, як обіцяно.", негативний  
"Купив, і тепер шкодую про це.", негативний  
"Не рекомендую, зовсім не якісний.", негативний  
"Можливо, колись це працювало, але не зараз.", негативний  
"Це найгірший продукт, який я купував.", негативний  
"Величезне розчарування, не куплю ще раз.", негативний  
"Цей товар виявився абсолютно непотрібним.", негативний  
"Купуючи, сподівався на більше, але отримав менше.", негативний  
"Цей продукт жодним чином не відповідає рекламі.", негативний  
"Після використання — тільки негативні емоції.", негативний  
"Якість жахлива, дуже розчарований.", негативний  
"Цей товар нікому не раджу.", негативний  
"З усіх придбань — найгірше.", негативний  
"Не розумію, чому це має таку популярність.", негативний  
"Товар виявився ще більшим розчаруванням, ніж я думав.", негативний  
"Не можу повірити, що витратив на це гроші.", негативний  
"Цей продукт зовсім не вартий своєї ціни.", негативний  
"Жахлива якість, не рекомендую нікому.", негативний  
"Не задовольнив мої потреби, дуже невдалий вибір.", негативний  
"Це було марно витрачене час і гроші.", негативний  
"Товар не відповідає опису, абсолютно не сподобався.", негативний  
"Не купуйте це, якщо не хочете розчарувань.", негативний  
"Цей продукт не виконав своїх функцій.", негативний  
"Якість залишає бажати кращого.", негативний  
"Цей товар виявився суцільним розчаруванням.", негативний  
"Не рекомендую, повна невдача.", негативний  
"Цей продукт просто чудовий, я в захваті!", позитивний  
"Якість на висоті, рекомендую всім!", позитивний  
"Дуже задоволений покупкою, куплю ще раз!", позитивний  
"Це справжня знахідка, не очікував такого результату!", позитивний  
"Вау, цей товар перевершив всі мої сподівання!", позитивний  
"Найкраще, що я купував за останній час!", позитивний  
"Цей продукт став моїм улюбленим, дякую!", позитивний  
"Просто неймовірно, я рекомендую всім!", позитивний  
"Чудова якість, куплю знову!", позитивний  
"Це те, що мені потрібно було, просто супер!", позитивний  
"Виглядає класно і працює ще краще!", позитивний  
"Цей товар змінив моє життя на краще!", позитивний  
"Не можу повірити, як мені пощастило з цим продуктом!", позитивний  
"Це було чудове рішення, я дуже задоволений!", позитивний  
"Виглядає дорого і якісно, я в захваті!", позитивний  
"Цей продукт дійсно виправдав усі очікування!", позитивний  
"Придбала це, і тепер не уявляю свого життя без нього!", позитивний  
"Вражає якість і функціональність, рекомендую!", позитивний  
"Це просто чудово, дякую виробнику!", позитивний  
"Цей товар дійсно вартий своїх грошей!", позитивний  
"Просто неймовірно, як все працює!", позитивний  
"Якість на висоті, рекомендую всім друзям!", позитивний  
"Цей продукт справді вартий уваги, дуже задоволений!", позитивний  
"Найкраще рішення для моїх потреб!", позитивний  
"Цей товар мене дійсно вразив!", позитивний  
"Це класний продукт, мені дуже подобається!", позитивний  
"Не можу дочекатися, щоб купити ще!", позитивний  
"Цей товар став моїм улюбленим, дякую!", позитивний  
"Виглядає чудово і працює ідеально!", позитивний  
"Цей продукт просто фантастичний!", позитивний  
"Я в захваті, рекомендую всім!", позитивний  
"Цей товар перевершив усі мої очікування!", позитивний  
"Дуже радий, що купив це, дякую!", позитивний  
"Просто чудовий товар, рекомендую всім!", позитивний  
"Це ідеальний вибір, я дуже задоволений!", позитивний  
"Цей товар зовсім не відповідає опису.", негативний  
"Величезне розчарування, не куплю знову.", негативний  
"Мені не сподобався, дуже низька якість.", негативний  
"Не варто своїх грошей, абсолютно непотрібний продукт.", негативний  
"Це була найбільша помилка в покупках.", негативний  
"Якість жахлива, а ціна завищена.", негативний  
"Товар зламався через кілька днів використання.", негативний  
"Не дотягує до заявлених стандартів.", негативний  
"Продукт виявився абсолютно непотрібним.", негативний  
"Це не те, на що я сподівався.", негативний  
"Купуючи, сподівався на більше, але отримав менше.", негативний  
"Цей продукт зовсім не вартий своєї ціни.", негативний  
"Не рекомендую, якість жахлива.", негативний  
"Цей товар виявився великим розчаруванням.", негативний  
"Я не задоволений цією покупкою.", негативний  
"Цей продукт не виконав своїх функцій.", негативний  
"Мене це зовсім не вразило, дуже незадоволений.", негативний  
"Купив і тепер шкодую про це.", негативний  
"Це було марно витрачене гроші.", негативний  
"Не рекомендую, повна невдача.", негативний  
"Продукт не відповідає своїй рекламі.", негативний  
"Жахлива якість, нікому не раджу.", негативний  
"Цей товар став справжнім розчаруванням для мене.", негативний  
"Це найгірше, що я купував за останній час.", негативний  
"Товар зовсім не підходить для використання.", негативний  
"Цей товар не відповідає моїм очікуванням.", негативний  
"Найгірша покупка, яку я коли-небудь робив.", негативний  
"Цей продукт виявився абсолютно непотрібним.", негативний  
"Не можу повірити, що витратив на це гроші.", негативний  
"Це справжнє розчарування, не рекомендую.", негативний  
"Товар виявився неякісним, не варто купувати.", негативний  
"Цей продукт не виправдав моїх надій.", негативний  
"Виглядає непогано, але насправді жахливо.", негативний  
"Це було погане рішення, не куплю ще раз.", негативний  
"Продукт абсолютно не підходить для мене.", негативний  
"Цей товар зовсім не вартий своїх грошей.", негативний  
"Жахлива якість, дуже розчарований.", негативний  
"Не сподобалося, тільки витратив гроші.", негативний  
"Товар зовсім не відповідає опису.", негативний  
"Не купуйте це, якщо не хочете розчарувань.", негативний  
"Цей товар не працює так, як обіцяно.", негативний  
"Вартість не відповідає якості, надто висока.", негативний  
"Можливо, колись це працювало, але не зараз.", негативний  
"Це найгірший продукт, який я купував.", негативний  
"Величезне розчарування, не рекомендую.", негативний  
"Цей товар не дотягує до заявлених характеристик.", негативний  
"Не можу повірити, що витратив стільки на це.", негативний  
"Товар не спрацював, як очікувалося.", негативний  
"Якість просто жахлива, не рекомендую.", негативний  
"Цей продукт став справжнім розчаруванням.", негативний  
"Не варто своїх грошей, просто непотрібний.", негативний  
"Придбала це, і тепер шкодую про вибір.", негативний  
"Цей продукт не відповідає моїм вимогам.", негативний  
"Не рекомендую, повна невдача.", негативний  
"Цей товар виявився абсолютно непридатним.", негативний  
"Цей товар абсолютно не відповідає своїм обіцянкам.", негативний  
"Якість жахлива, не рекомендую.", негативний  
"Придбала, і тепер шкодую про витрачені гроші.", негативний  
"Це було величезне розчарування.", негативний  
"Не працює, як обіцяно, абсолютно марно.", негативний  
"Товар виявився невдалим, не рекомендую купувати.", негативний  
"Цей продукт зовсім не вартий своїх грошей.", негативний  
"Не сподобалося, не відповідає опису.", негативний  
"Жахливий досвід, не куплю знову.", негативний  
"Цей товар зламався через кілька днів використання.", негативний  
"Не можу повірити, що витратив на це гроші.", негативний  
"Цей продукт став справжнім розчаруванням для мене.", негативний  
"Не дотягує до заявлених характеристик.", негативний  
"Купуючи, сподівався на більше, але отримав менше.", негативний  
"Товар абсолютно не підходить для використання.", негативний  
"Це було погане рішення, не рекомендую.", негативний  
"Цей продукт не виправдав моїх очікувань.", негативний  
"Не рекомендую, тільки витратив гроші.", негативний  
"Цей товар зовсім не вартує свого часу.", негативний  
"Придбала і дуже розчарувалася.", негативний  
"Цей товар не відповідає моїм вимогам.", негативний  
"Виглядає непогано, але насправді жахливо.", негативний  
"Це найгірша покупка, яку я коли-небудь робив.", негативний  
"Не купуйте це, якщо не хочете розчарувань.", негативний  
"Цей товар виявився абсолютно непридатним.", негативний  
"Можливо, колись це працювало, але не зараз.", негативний  
"Не сподобалося, дуже низька якість.", негативний  
"Це не те, на що я сподівався.", негативний
"Чудовий ноутбук. Брали для користування школярем. Всі поставлені завдання виконує добре. Заряд батареї тримає приблизно 4-5 годин.", позитивний
"Приїхали не працюють.", негативний
"Гарний ноут. Все сподобалось, особливо батарея. Рекомендую!", позитивний
"Чудовий ноутбук. Хороше залізо, вистачає для всіх задач. Хороший звук. Наявна підсвітка клавіш. Чудовий екран, комфортно працювати. Зарядка від type c", позитивний
"Єдине що батарея слабенька", нейтральний
"Все супер, швидко працює", позитивний
"Купую на Розетці багато років і усім радила лише Розетку. Нажаль, сьогодні розчарована сервісом.", негативний
"Чудовий ноутбук: компактний, стильний дизайн. Дуже швидко працює. Довго тримає заряд, що є неабиякою перевагою в умовах сьогодення. Покупкою повністю задоволені.", позитивний
"Усe відмінно працює", позитивний
"Повністю задоволений", позитивний
"Покупкою задоволена, все чудово працює", позитивний
"Опис товара та фото на сайті не відповідають дійсності.", негативний
"Ну, і мріяти повернути машину, котра не робить нормально (за смаком) каву - марно. Адже техніка використовувалась- відтак, Закон повернення не передбачає. Щойно отримала відмову у магазині. Дуже прикро.", негативний
"Не раджу купувати цю машинку. Кава холодні і абсолютно не смачна. Ми пробували різні сорти кави і комбінації помелу, нічого не помогло. Версія прошивки V2.2.0.2305060855. Бачу по коментарях що продавець знає цю проблему і всеодно продає її. А ваша пропозиція звернутись в сервіс, яку напишите під моїм коментарем може йти лісом, бо у Львові сервісу офіційного не має!", негативний 
"Звук не поганий, зручно сидять в ушках, але я був користувачем версії PRO, то коли їду в мето то не вистачає шумоподавлення.", нейтральний 
"Це топ на щодень!!! Я люблю прогулюватись сама ввімкнувши музику, а із цими вухами робити це-ще більше задоволення, бо звук дуже гарний, все дуже чітко передає, не рипитт, не шипить і т.д", позитивний
"Дуже, дуже поганий звук", негативний 
"Користуюсь майже рік, звук гарний, довго тримає заряд і швидко заряджаються, але іноді начебто живуть своїм життям, відключаються самостійно що приходиться їх знову перезапускати і це не так швидко", нейтральний 
"Якісний звук, швидко заряджаються, довго тримають заряд. Мінусів не знайшла. Користуюсь 9 місяців", позитивний 
"Купувала три роки тому-досі задоволена. Колір, якість на висоті-не хотіла за цей час нічого міняти. Говорити в них неможливо звісно, та і купувала не для цього", позитивний
"Для прогулянки і прослуховування музики, подкастів-топ", позитивний
"За свої кошти повністю влаштовує", нейтральний 
"Супер", позитивний 
"Зручні, звук чути добре. Батарея як в коробці так і в самих навушниках тримає дуже довго. З мінусів: один навушник з часом почав погано заряджатись, звук регулюється але хочется щоб мінімальна гучність була меншою", нейтральний 
"Через пів розу правий навушник просто перестав зарядчжатися (чи щось інше з ним трапилось). Після повної зарядки він працює не більше 5 хв. Не рекомендую.", негативний 
"На жаль не відʼєднуються від телефону (Samsung Galaxy A54)   після того як вийняв з вух і поклав у кейс.
"Це не відразу розумієш. Бо тел. в кишені - навушники вже в рюкзаку і коли телефон задзвонив - упс а ти нікого не чуєш - бо звук іде в рюкзак. Повернув назад на 3й день - сподіваюсь на повернення коштів.", негативний 
"Дуже подобаються навушники, без кейсу вистачає на 5-6 годин, загалом кейс заряджаю раз на тиждень і все супер, користуюся кожен день, якщо телефон у кармані нічого не переривається, покупкою задоволена", позитивний
"За свою ціну непоганий вибір, але є прикрі нюанси. Дальність роботи маленька, коли телефон в кишені, звук приривається, напевно заважає рука, тільки коли в ношу або бігаю з телефоном в наплічнику все ок. По прямій не більше 5 м. Некоректно показує заряд на футлярі, довго показує чотири поділки, потім трошки три і вирубається. Нечасто, але буває відєднується навушник. Звук дуже напоганий як за таку вартість. Добре тримаються в вухах, навіть при інтенсивному тренуванні. Трошки люфтить кришка.", нейтральний 
"Поломав я на других день. Помилка er03", негативний 
"Якийсь мотлох. За 3 місяці неінтенсивного використання з'явилась помилка E05. Віддав по гарантії. Надіслали назад відремонтовану. Забираю з пошти, вмикаю дома - помилка E02. Цирк", негативний
"Дуже гарна бігова доріжка", позитивний 
"Сама погана лопата гнеться по середині від мінімального навантаження", негативний
"Магазину респект за доставку і сервіс. А ось лопата ЦЕ ПОВНЕ СМІТТЯ!!! Нікому не раджу її купувати,зігнулася з першої ямки у сосновому лісі,метал просто як фольга,ребра жорсткості виявилося немає зовсім на таку площу.Додаю фото де вона гнеться,спробуйте у магазині.", негативний
"Чудова лопата для акуратного використання.", позитивний
"Компактна, доволі міцна. Лежить у мене завжди в авто.", позитивний
"Пройшло тільки 2 тижні навчання, а верхній слой вже поцарапаний і нічим не можна це виправити.", негативний 
"Гарний рюкзак", позитивний 
"хороша якість, гарно пошитий, світловідштовхуючий", позитивний
"Ну поносити креслення можна, але він дуже незручний треба його відкривати пів хвилини і ще при першому закриті погнув креслення але за таку ціну нормальний.", негативний 
"Відмінний", позитивний 
"Норм, ще і більші листи влазать", нейтральний
"Средненький тубус. Маленький, а главный недостаток - это то, что не фиксируется по высоте. Может сам сложиться.", нейтральний 
"Трішки незручний", нейтральний
"Захисне скло для телефону подряпалось через кілька днів. Не рекомендую.", негативний  
"Стійка для ноутбука міцна, комфортно працювати навіть довгий час.", позитивний  
"Пилосос для авто слабкий, сміття не збирає повністю. Шкода грошей.", негативний  
"Кулер для води працює тихо, швидко нагріває і охолоджує. Дуже задоволена!", позитивний  
"Відпарювач слабкий, складки майже не розгладжує. Не рекомендую.", негативний  
"Лампа для столу стильна, світить рівномірно і не сліпить. Рекомендую!", позитивний  
"Мережевий фільтр на вигляд якісний, але працює лише два порти. Шкода.", негативний  
"Набір рушників м'який, добре вбирає воду, навіть після прання як нові!", позитивний  
"Принтер працює, але чорнила вистачає на дуже короткий термін. Не задоволена.", негативний
"Екран для проєктора має дивні заломи, картинка виглядає криво. Не варто.", негативний  
"Ролики зручні, їздити комфортно, відмінний варіант для початківців.", позитивний  
"Кавоварка швидка, але кава виходить слабка. Не дуже задоволена.", нейтральний  
"Набір каструль стильний і міцний, тепер готую з задоволенням!", позитивний  
"Термометр показує неточну температуру, постійно різниця в градусах.", негативний  
"Масажер для спини працює чудово, болі після роботи зникають!", позитивний  
"М'ясорубка гріється і працює дуже повільно. Даремно витратила гроші.", негативний  
"Ліжко міцне і зручне, матрац ідеально підходить для спини. Рекомендую!", позитивний  
"Зволожувач розпилює воду нерівномірно, в кімнаті калюжі. Не рекомендую.", негативний  
"Окуляри для комп'ютера знімають напругу очей, тепер працюю комфортніше.", позитивний  
"Сковорідка пригорає, навіть з маслом, якість розчарувала.", негативний  
"Електронні ваги точні і компактні, тепер контролюю все на кухні!", позитивний  
"Пилосос-робот працює шумно, але підлогу чистить добре. Так собі.", нейтральний  
"Ковдра тепла і легка, спати під нею справжнє задоволення!", позитивний  
"Дитяча іграшка зламалась після першого використання. Дуже погано.", негативний  
"Розумна лампочка створює атмосферу, кольори змінюються легко. Раджу!", позитивний  
"Чайник швидко кип'ятить воду, але трохи шумний. Загалом нормально.", нейтральний  
"Кросівки стильні, зручні, але підошва слизька на мокрому асфальті. Таке собі.", нейтральний  
"Набір ножів гострий, лезо добре тримає заточку. Дуже задоволена!", позитивний  
"Телевізор зависає під час перемикання каналів. Не раджу до покупки.", негативний  
"Розумний годинник працює без збоїв, тримає заряд кілька днів. Рекомендую!", позитивний  
"Тостер красиво виглядає, але нерівномірно підсмажує хліб. Не дуже.", нейтральний  
"Зарядний кабель міцний і довгий, працює відмінно навіть через місяці!", позитивний  
"Миша для комп'ютера постійно втрачає зв'язок, грати неможливо. Розчарована.", негативний  
"Шкарпетки м'які, не зношуються навіть після багатьох прань. Рекомендую!", позитивний  
"Зволожуючий спрей для волосся не дає обіцяного ефекту. Не задоволена.", негативний  
"Термос довго тримає тепло, ідеально для холодних днів. Дуже задоволена!", позитивний  
"Рюкзак виглядає стильно, але ремені рвуться під вагою. Не рекомендую.", негативний  
"Гамак міцний, витримує навіть двох людей. Відпочивати — одне задоволення!", позитивний  
"Мийка високого тиску слабка, ледве справляється з брудом. Не виправдала.", нейтральний  
"Дитячий комбінезон теплий і якісний, малюк завжди сухий. Дуже задоволена!", позитивний  
"Посудомийка працює добре, але іноді залишає плями на склі. Загалом ок.", нейтральний  
"Електробритва легко справляється навіть із густою щетиною. Топ річ!", позитивний  
"Дзеркало для макіяжу дешеве, пластик тріскається через місяць. Не раджу.", негативний  
"Ручка пише м'яко, зручно тримати в руці. Проста, але якісна річ!", позитивний  
"Чохол на телефон виявився не міцним, зламався за тиждень. Розчарування.", негативний  
"Кофемашина робить дуже смачну каву, користуюсь кожного дня із задоволенням!", позитивний  
"Сушка для білизни занадто хистка, речі постійно падають. Даремна покупка.", негативний  
"Шапка в'язана, тепла, ідеальна для зими. Дуже задоволена!", позитивний  
"Електроковдра працює добре, але запах пластмаси трохи дратує. Так собі.", нейтральний  
"Блендер потужний, готує смузі за кілька секунд. Дуже рекомендую!", позитивний  
"Дриль слабкий, навіть м'який бетон просвердлює погано. Не рекомендую.", негативний  
"Чайний сервіз гарний, міцний, навіть у посудомийці не псується. Топ!", позитивний  
"Планшет часто глючить, додатки вилітають. Даремно витратила гроші.", негативний  
"Соковижималка потужна, фреши виходять швидко і смачно. Дуже задоволена!", позитивний  
"Сушарка для взуття занадто слабка, взуття до ранку залишається вологим. Не рекомендую.", негативний  
"Дитячий манеж зручний і міцний, тепер дитина завжди у безпеці.", позитивний  
"Ліхтарик світить добре, але заряд тримає лише кілька годин. Не дуже.", нейтральний  
"Вантажна сумка дуже містка, ідеальна для подорожей. Рекомендую!", позитивний  
"Клавіатура виглядає стильно, але кнопки заїдають. Так собі.", нейтральний  
"Дзеркало з підсвіткою суперяскраве, макіяж робити дуже зручно!", позитивний  
"Зручний у переносці, легкий, не Китай. Цим все сказано. Рекомендую для студентів.", позитивний 
"Чудовий шампунь. Маю довге, тонке фарбоване волосся. Не сушить шкіру голови, ніякої лупи не викликає, не жирнить, не обтяжує. Добре промиває, економічно витрачається. Волосся гарне та доглянуте.", позитивний
"Мені не сподобалась шампунь. Волосся сухе та плутається після миття, навіть з використанням маски. Не вимиває шкіру голови.", негативний
"Зручний та легкий у користуванні пилосос. Рекомендую для невеликих квартир – чудово справляється з прибиранням.", позитивний
"Дуже розчарована. Товар зламався після першого використання.", негативний
"Відмінний чохол, міцний, тримає телефон чудово. Задоволена покупкою.", позитивний
"Приємний на дотик матеріал, гарна якість. Але розмір не зовсім відповідає очікуванням.", нейтральний
"Жахливий сервіс. Замовлення не прийшло вчасно, і ніхто не попередив.", негативний
"Купили дитячий конструктор, малюк дуже задоволений. Деталі якісні, легко складаються.", позитивний
"Все ок, але батарея не дуже потужна, швидко сідає.", нейтральний
"Приємний аромат, гарно тримається на волоссі. Не викликає подразнення шкіри.", позитивний
"Зовсім не виправдав сподівань. Крем викликає сухість і подразнення.", негативний
"Хороша косметичка, зручно брати в дорогу. Рекомендую!", позитивний
"Сервіс непоганий, але могли б обробляти замовлення швидше.", нейтральний
"Міцний і красивий гаманець, рекомендую. Виглядає дорого.", позитивний
"Машинка для стрижки не стриже рівномірно, дуже незадоволений.", негативний
"Дуже зручно. Довго заряджається, але тримає заряд на декілька днів.", позитивний
"Звук в навушниках загалом хороший, але міг бути кращим за ці гроші.", нейтральний
"Міцний рюкзак, багато відділень, підходить для школи.", позитивний
"Зовнішній вигляд гарний, але якість залишає бажати кращого.", негативний
"Мікрохвильовка добре працює, їжа прогрівається швидко і рівномірно.", позитивний
"Товар розчарував, кнопки дуже жорсткі, важко натискати.", негативний
"Компактна сушарка для одягу, займає мало місця і швидко висушує речі.", позитивний
"Чудовий фітнес-браслет, мотивує слідкувати за активністю. Рекомендую всім, хто починає тренуватися.", позитивний
"Відеокамера працює добре, якість зображення чітка, але нічна зйомка слабенька.", нейтральний
"Після місяця використання ноутбук почав грітися, не рекомендую.", негативний
"Купив чохол для планшета, зручний і міцний. Планшет надійно захищений від ударів.", позитивний
"На жаль, принтер вийшов з ладу вже на другий день. Відправила на гарантію.", негативний
"Гарний дитячий набір для малювання. Яскраві фарби, зручно тримати пензлики.", позитивний
"Міксер потужний, працює тихо і ефективно, займає мало місця на кухні.", позитивний
"Телефон хороший, але камера залишає бажати кращого, особливо в умовах низького освітлення.", нейтральний
"Не задоволена кавоваркою. Кава не така гаряча, як очікувала.", негативний
"Красива, легка сумка, підходить до різних образів. Дуже задоволена.", позитивний
"Зручні кросівки для бігу, не натирають. Підошва трохи тонка для кам’янистих доріжок.", нейтральний
"Шампунь чудовий, волосся після нього м'яке та блискуче. Рекомендую!", позитивний
"Дзеркало виявилося зовсім іншим, ніж на фото. Дуже розчарована.", негативний
"Пилосос добре прибирає, але трохи галасливий. Загалом задоволений покупкою.", нейтральний
"Вишуканий аромат парфумів, довго тримається. Задоволена.", позитивний
"Масажер неефективний, швидко виходить з ладу. Не раджу.", негативний
"Книга дуже цікава, прочитала за кілька днів. Сподобалася обкладинка.", позитивний
"Підставка для ноутбука зручна, але трохи слизька на поверхні столу.", нейтральний
"Навушники мають глибокий бас, тримають заряд близько 8 годин. Рекомендую.", позитивний
"Плита не працює рівномірно, часом недогріває. Не задоволена покупкою.", негативний
"Придбали зволожувач повітря, працює тихо і ефективно. Задоволені.", позитивний
"Окуляри для комп'ютера непогані, але рамка трохи широка для мого обличчя.", нейтральний
"Бутси зручно сидять на нозі, підходять для гри на будь-якому покритті. Рекомендую!", позитивний
"Ліхтарик дуже слабкий, практично не освітлює дорогу. Не раджу.", негативний
"Термос тримає тепло більше 12 годин, дуже задоволений покупкою.", позитивний
"Не дуже зручний ніж, лезо швидко тупиться. Розчарований.", негативний
"Набір для макіяжу чудовий, косметика тримається весь день. Рекомендую.", позитивний
"Сковорідка швидко згоріла, антипригарне покриття зійшло через тиждень.", негативний
"Зручний органайзер для косметики, все легко знаходиться. Рекомендую.", позитивний
"Лампа має приємне світло, але основа трохи нестійка.", нейтральний
"Велотренажер зручний для тренувань, не займає багато місця. Дуже задоволений.", позитивний
"Духовка нагрівається нерівномірно, продукти пригорають з одного боку.", негативний
"Чашка гарна, міцна. Вже рік користуюся, і виглядає як нова.", позитивний
"Вентилятор дуже шумний, не можу використовувати на ніч.", негативний
"Стіл для ноутбука легкий, зручний для використання в ліжку. Рекомендую.", позитивний
"Скляна пляшка зручна для води, але трохи важка для щоденного використання.", нейтральний
"Плеєр дуже зручний у використанні, звук чіткий, добре тримає заряд.", позитивний
"Фен швидко перегрівається, не рекомендую для довгого волосся.", негативний
"Стілець зручний, але трохи низький для робочого столу.", нейтральний
"Непоганий фотоапарат для початківців, але без стабілізації. Рекомендую.", позитивний
"Годинник не показує точний час, відстає на кілька хвилин.", негативний
"Посуд добре миється, приємний на дотик, стильний дизайн.", позитивний
"Покривало швидко злиняло після першого прання. Не рекомендую.", негативний
"Кросівки зручні, легкі, чудово підходять для бігу. Дуже задоволений.", позитивний
"Колонка має гучний звук, але бас не дуже чіткий.", нейтральний
"Посудомийна машина чудово миє посуд, економить воду. Рекомендую.", позитивний
"Фітнес-браслет не вловлює кроки точно. Не задоволена.", негативний
"Сукня гарна, матеріал приємний до тіла, підходить для літа.", позитивний
"Комп'ютерна миша зручна в руці, швидко реагує. Задоволений покупкою.", позитивний
"Роутер слабкий, сигнал пропадає вже через дві кімнати. Не рекомендую.", негативний
"Чайник швидко нагріває воду, не залишає накипу. Рекомендую!", позитивний
"Телевізор хороший, але звук дуже тихий навіть на максимальній гучності.", нейтральний
"Тонометр зручний у використанні, показує точні дані. Дуже задоволений.", позитивний
"Гіроборди не працюють належним чином, зарядка тримає лише 20 хвилин. Дуже розчарований.", негативний
"М'яка і тепла ковдра, ідеально для зимових ночей. Рекомендую.", позитивний
"Сковорідка невелика, для однієї порції, але зручна і легка у використанні.", нейтральний
"Швейна машина дуже зручна, працює тихо, чудово підходить для домашнього використання.", позитивний
"Туш погано тримається на віях, розмазується після кількох годин.", негативний
"Кофемашина чудова, швидко готує смачну каву. Задоволений!", позитивний
"Термометр довго показує температуру, не рекомендую.", негативний
"Соковижималка зручна, соки виходять смачні, але чистити трохи важко.", нейтральний
"Дитяча коляска міцна, легко складається. Ідеальний вибір для міста.", позитивний
"Крісло має гарний вигляд, але не дуже зручне для тривалого сидіння.", нейтральний
"Камера добре знімає, зручна у користуванні, підходить для подорожей.", позитивний
"Пральна машина залишає багато води після прання. Не задоволена.", негативний
"Чохол для телефону м'який, захищає від ударів, але швидко затирається.", нейтральний
"Гаманець компактний, зручний для щоденного використання. Дуже задоволений.", позитивний
"Ремінець для годинника погано фіксується, не рекомендую.", негативний
"Книга цікава, добре підходить для вечірнього читання. Задоволена покупкою.", позитивний
"Непоганий павербанк, заряд тримає довго, але заряджається сам досить повільно.", нейтральний
"Система очищення повітря працює тихо, повітря стало приємніше. Рекомендую.", позитивний
"На жаль, кліматична техніка швидко вийшла з ладу. Звернуся по гарантії.", негативний
"Чудовий годинник, стильний і зручний. Добре тримається на руці.", позитивний
"Тостер рівномірно не підсмажує хліб, розчарована покупкою.", негативний
"Дуже гарний плащ, стильний і зручний для дощової погоди.", позитивний
"Фітнес-гумки швидко розтягнулися, не рекомендую.", негативний
"Електрочайник швидко закипає, не залишає запаху. Дуже задоволена.", позитивний
"Зарядний пристрій не заряджає так швидко, як обіцяють. Не задоволений.", нейтральний
"Гірка для дітей міцна, безпечна і зручна для гри вдома.", позитивний
"Окуляри проти сонця швидко подряпалися, матеріал здається дешевим.", негативний
"Шапка тепла, підходить для зимових прогулянок, м'яка та приємна до тіла.", позитивний
"Шарф гарний, але занадто короткий, щоб носити комфортно.", нейтральний
"Сонцезахисний крем добре захищає шкіру, не викликає подразнення. Рекомендую!", позитивний
"Тональний крем погано лягає на шкіру, швидко скочується.", негативний
"М'яка і зручна подушка, підходить для комфортного сну.", позитивний
"Маска для обличчя викликала подразнення, не раджу використовувати на чутливій шкірі.", негативний
"Зволожуючий крем чудово підходить для зими, не залишає жирного блиску.", позитивний
"Фен трохи важкий, але добре сушить і не перегріває волосся.", нейтральний
"Праска зручно лежить в руці, гладить швидко і ефективно. Дуже задоволена.", позитивний
"Гриль не прогрівається рівномірно, продукти прилипають до поверхні.", негативний
"Великий і стильний гаманець, багато відділень для карток. Рекомендую.", позитивний
"Валіза розламалась після одного використання. Розчарована якістю.", негативний
"Набір для випічки зручний у використанні, форми не пригорають. Дуже задоволена.", позитивний
"Лазерний принтер працює добре, але трохи шумний для офісу.", нейтральний
"Товар якісний, стильно виглядає. Дуже задоволений покупкою.", позитивний
"Велика розетка з безліччю портів, зручно для офісу. Рекомендую.", позитивний
"Товар зламався за тиждень. Витрачені гроші на вітер.", негативний
"Смартфон крутий, але батарея сідає швидше, ніж хотілось би. Непоганий, але не ідеал.", нейтральний  
"Навушники бомбезні, звук чистий, баси качають! Раджу всім!", позитивний  
"Мишка зручна, але колесико скрипить. Могли б зробити якісніше.", нейтральний  
"Ноутбук просто ракета! Летить у всіх задачах, не шкодую жодної копійки.", позитивний  
"Термос протікає, взагалі не тримає тепло. Не рекомендую.", негативний  
"Пилосос потужний, пилюка більше нема, кайфую!", позитивний  
"Гіроскутер виглядає прикольно, але швидко зламався. Шкода грошей.", негативний  
"Зволожувач повітря працює тихо, повітря реально стало легшим. Топчик!", позитивний  
"Клавіатура зручна, але підсвітка швидко потьмяніла. Могло бути краще.", нейтральний  
"Кавомашина готує каву, як в кафешці, тепер не треба нікуди ходити!", позитивний  
"Кросівки розлізлись за два тижні. Відстій.", негативний  
"Чохол для телефона стильний, але слизький. Постійно боюсь, що впаде.", нейтральний  
"Кухонний комбайн ріже все, навіть горіхи! Задоволена на всі 100!", позитивний  
"Телевізор гарний, але звук, як із банки. Не вартий своїх грошей.", нейтральний  
"Електронна книга зручна і проста, читаю тепер навіть у транспорті!", позитивний  
"Шкарпетки вже після першого прання порвались. Жах!", негативний  
"Рюкзак стильний і вмісткий, все поміщається, включно з ноутом.", позитивний  
"Штатив нормальний, але пластик видається трохи крихким.", нейтральний  
"Футболка яскрава, але після прання втратила колір. Не вартує.", негативний  
"Дзеркало з підсвіткою дуже класне, макіяж робити зручно!", позитивний  
"Кулер для води шумить, але працює справно. Могло бути тихіше.", нейтральний  
"Тостер робить ідеальні хрустики, навіть чоловік у захваті.", позитивний  
"Скейт розвалився на першій ямі. Халтура!", негативний  
"Плед теплий і м'який, хочеться загорнутись і не вилазити.", позитивний  
"Соковижималка непогана, але важко мити. Трохи заморочливо.", нейтральний  
"Електрогриль ідеальний для вечірок, готує все, від м'яса до овочів.", позитивний  
"Годинник зупинився на другий день. Просто жах!", негативний  
"Кофта мила, але трохи колюча. Носити можна, але не суперкомфортно.", нейтральний  
"Снікерси легкі й зручні, ніби на хмаринках ходиш!", позитивний  
"Мийка для авто слабенька, ледь справляється з брудом. Розчарована.", негативний  
"Плед теплий, але після прання став на розмір менший. Не дуже.", нейтральний  
"Шолом для велосипеда зручний і стильний, точно врятує голову!", позитивний  
"Чайник протікає, навіть не закипає нормально. Жахливий товар.", негативний  
"Шорти зручні й легкі, супер для літа! Рекомендую.", позитивний  
"Килимок для йоги швидко порвався, якість не радує.", негативний  
"Штопор виглядає стильно і працює, як треба. Задоволена.", позитивний  
"Ліхтарик світить добре, але батарейка сідає за годину. Шкода.", нейтральний  
"Колонка качає, музика супер, і батарея тримає довго. Беріть!", позитивний  
"Магнітна дошка відвалюється від стіни. Дуже розчарована.", негативний  
"Лампа для робочого столу ідеальна, світло м'яке і не напружує очі.", позитивний  
"Сумка гарна, але замки заїдають. Не рекомендую.", негативний  
"Портативний пилосос потужний і компактний, тепер в авто чистота!", позитивний  
"Зарядний пристрій постійно гріється, страшно користуватись.", негативний  
"Парасоля легка і міцна, пережила вже декілька дощів і вітру.", позитивний  
"Картридж для принтера вистачило лише на 10 сторінок. Жах.", негативний  
"Форма для випічки супер, нічого не прилипає і легко миється.", позитивний  
"Куртка тепла, але застібка швидко зламалась. Дуже шкода.", нейтральний  
"Духовка пече рівномірно, тепер готую тільки вдома. Раджу!", позитивний  
"Посудомийка працює, але залишає плями на склі. Так собі.", нейтральний  
"Пилосос слабкий, ледве затягує пилюку. Розчарована.", негативний  
"Мультиварка готує класно, все смачно і без зайвих зусиль. Рекомендую!", позитивний  
"Крісла зламались через місяць використання, хоча виглядали міцно. Шкода грошей.", негативний  
"Зовнішній акумулятор компактний, заряджає швидко, але сам заряджається довго.", нейтральний  
"Тепловентилятор гріє моментально, в кімнаті стало затишно. Дуже задоволена!", позитивний  
"Пральна машина шумить як трактор, але переться добре. Двояке враження.", нейтральний  
"Покривало м'яке, тепле, після прання виглядає, як нове. Просто топ!", позитивний  
"Навушники постійно розривають з'єднання з телефоном. Дуже розчарована.", негативний  
"Веб-камера дає чітке зображення, співрозмовники мене тепер ідеально бачать.", позитивний  
"Фітнес-браслет має купу функцій, але екран не видно на сонці. Так собі.", нейтральний  
"Чохол для планшета якісний, захищає від подряпин і зручно сидить.", позитивний  
"Рушник погано вбирає воду, схоже на дешеву підробку. Не рекомендую.", негативний  
"Тапочки зручні й теплі, ідеальні для домашнього затишку!", позитивний  
"Стілець хитається навіть після складання за інструкцією. Дуже шкода.", негативний  
"Дитячий велосипед легкий і маневрений, син у захваті. Рекомендую!", позитивний  
"Килимок для миші симпатичний, але ковзає по столу. Не зовсім зручно.", нейтральний  
"Ванночка для ніг з гідромасажем — просто релакс після важкого дня!", позитивний  
"Ремінь виглядає круто, але застібка розлетілась через тиждень. Шкода.", негативний  
"Електрична зубна щітка очищає зуби чудово, відчуваю різницю!", позитивний  
"Вентилятор дме слабо, ледве відчутно. Не виправдав очікувань.", негативний  
"Міксер потужний, збиває швидко, навіть з густим тістом справляється.", позитивний  
"Зарядка для авто гріється, здається небезпечною. Не рекомендую.", негативний  
"Тюль гарний, світло проходить добре, і в кімнаті стало світліше.", позитивний  
"Диван красивий, але сидіти довго незручно, спина болить. Не раджу.", нейтральний  
"Фен легкий і потужний, сушить волосся швидко. Дуже задоволена!", позитивний  
"Навушники стильні, але звук глухий, не рекомендую", негативний  
"Книга цікава, легко читається, дуже задоволена", позитивний  
"Пилосос слабкий, ледве всмоктує пил, розчарування", негативний  
"Футболка м'яка, розмір відповідає, рекомендую", позитивний  
"Повербанк зручний, довго тримає заряд, задоволений", позитивний  
"Лампа працює добре, але запах пластику дратує", нейтральний  
"Рюкзак місткий, але замок швидко зламався", негативний  
"Годинник стильний, батарея тримає довго, дуже задоволена", позитивний  
"Штатив легкий, але нестійкий, не рекомендую", негативний  
"Чайник закипає швидко, зручний у використанні, рекомендую", позитивний  
"Духовка нагрівається нерівномірно, їжа часто пригорає, негативний", негативний  
"Сумка стильна, але матеріал виглядає дешево", нейтральний  
"Гаманець зручний, багато відділень, дуже задоволений", позитивний  
"Фен шумний, але швидко сушить волосся, нейтральний", нейтральний  
"Клавіатура компактна, зручна для роботи, рекомендую", позитивний  
"Принтер часто зажовує папір, друкує з плямами", негативний  
"Наволочка м'яка, не линяє при пранні, задоволена покупкою", позитивний  
"Мишка красива, але кнопки швидко залипають, розчарування", негативний  
"Термос довго тримає тепло, зручний для подорожей, рекомендую", позитивний  
"Штани незручні, тканина груба, не рекомендую", негативний  
"Дзеркало із підсвіткою дуже зручне, добре видно дрібні деталі, позитивний", позитивний  
"Тепловентилятор слабкий, кімнату не прогріває", негативний  
"Годинник зручний, виглядає стильно, задоволений покупкою", позитивний  
"Килимок для ванної швидко вбирає воду, зручний у догляді, рекомендую", позитивний  
"Кросівки зручні, але підошва швидко стирається, нейтральний", нейтральний  
"Кавоварка гучна, але кава виходить смачна, нейтральний", нейтральний  
"Ковдра тепла, ідеально підходить для зими, дуже задоволена", позитивний  
"Електрочайник тріснув через місяць використання, не рекомендую", негативний  
"Плойка для волосся нагрівається швидко, локони тримаються довго, рекомендую", позитивний  
"Стілець не стійкий, легко розхитується, не рекомендую", негативний  
"Посудомийка працює добре, але трохи гучна", нейтральний  
"Окуляри стильні, добре захищають від сонця, дуже задоволений", позитивний  
"Блендер гучний, але справляється з будь-якими продуктами, один негатив", нейтральний  
"Ручний пилосос зручний, але заряд тримає недовго", нейтральний  
"Подушка зручна, добре підтримує шию, рекомендую", позитивний  
"Шарф красивий, але занадто короткий", нейтральний  
"Ліхтарик яскравий, батарея довго тримає заряд, задоволений", позитивний  
"Зарядний кабель перестав працювати через тиждень, не рекомендую", негативний  
"Смартфон працює швидко, камера знімає якісно, дуже задоволений", позитивний  
"Гриль прогрівається нерівномірно, їжа пригорає, негативний", негативний  
"Меблі зручні, але фарба швидко облазить", нейтральний  
"Тостер смажить рівномірно, зручний у використанні, рекомендую", позитивний  
"Велотренажер компактний, працює тихо, задоволений", позитивний  
"Коврик для миші гладкий, але ковзає по столу", нейтральний  
"Чохол для телефона міцний, зручний у користуванні, рекомендую", позитивний  
"Килимок для йоги швидко втратив форму, розчарування", негативний  
"Набір каструль якісний, ручки не нагріваються, дуже задоволена", позитивний  
"Колонка гучна, звук чистий, рекомендую", позитивний  
"Футболка після прання втратила форму, не рекомендую", негативний  
"Кепка стильна, добре сидить, задоволена покупкою", позитивний  
"Штатив міцний, зручний для зйомки, рекомендую", позитивний  
"Рукавиці теплі, але швидко порвалися, розчарована", негативний  
"Бездротова зарядка працює повільно, це жесть, не рекомендую", негативний  
"Сковорідка антипригарна, їжа не прилипає, рекомендую", позитивний  
"Термокружка довго тримає тепло, зручно носити з собою, задоволена", позитивний  
"Смарт-лампа іноді не підключається до Wi-Fi", нейтральний  
"Кросівки м'які, ідеальні для тривалих прогулянок, рекомендую", позитивний  
"Клавіатура гучна, але зручна для друку", нейтральний  
"Сумка для ноутбука компактна, але не захищає від дощу", нейтральний  
"Електровіник слабкий, сміття не збирає повністю, не рекомендую", негативний  
"Рюкзак стильний, але матеріал легко дряпається", нейтральний  
"Плед м'який, але після прання з'явилися катишки, фу", негативний  
"Зволожувач повітря тихий, зручний у використанні, рекомендую", позитивний  
"Ковдра легка, але зовсім не гріє, розчарована", негативний  
"Кабель міцний, працює без перебоїв, задоволений покупкою", позитивний  
"Вентилятор шумний, але добре охолоджує кімнату", нейтральний  
"Телефон не має хорошого захисту від води, навіть при помірному контакті з водою", негативний  
"Картридж для принтера дуже швидко закінчується, не вистачає на довго", негативний  
"Штатив недостатньо стабільний, камера постійно рухається при зйомці", негативний  
"Принтер дуже повільно друкує і часто застрягає при використанні", негативний  
"Термос почав протікати через кілька місяців використання, хоча спочатку був якісним", негативний  
"Крісло для офісу дуже незручне, через кілька годин сидіння починає боліти спина", негативний  
"Сумка швидко втрачає форму, шви рвуться після кількох місяців використання", негативний  
"Гарнітура дуже незручна, навушники часто випадають з вух", негативний  
"Смартфон дуже повільно заряджається, навіть при використанні швидкої зарядки", негативний  
"Чайник втрачає температуру води дуже швидко після вимкнення", негативний  
"Машинка для стрижки не має потужності для стрижки більш товстих волосся", негативний  
"Набір для фарбування дуже складно використовувати, інструкція неясна", негативний  
"Програвач не має підтримки деяких форматів, тому не може відтворювати всі пісні", негативний  
"Ковдра після прання зминається і виглядає непривабливо", негативний  
"Набір для манікюру має низьку якість матеріалів, інструменти легко ламаються", негативний  
"Мікрофон має дуже погану якість звуку, часто з'являються шуми", негативний  
"Штучне дерево має неприємний запах, який не зникає навіть через кілька днів", негативний  
"Чохол для телефону не зовсім підходить, телефон у ньому ковзає", негативний  
"Кухонний комбайн шумить дуже голосно і з ним складно працювати", негативний  
"Вентилятор працює дуже шумно, не можна використовувати вночі", негативний  
"Фітнес-браслет часто перестає працювати після кількох годин носіння", негативний  
"Робот-пилосос не може добре справлятися з важким пилом або великими брудними ділянками", негативний  
"Електрична розетка постійно дає збій, навіть при підключенні невеликих пристроїв", негативний  
"Чайник дуже швидко покривається накипом, хоча використовувався за інструкцією", негативний  
"Штучна трава виглядає дешевою і погано тримається на місці", негативний  
"Смарт-колонка часто не розпізнає голоси, навіть після налаштування", негативний  
"Пилосос залишає після себе невеликі частини бруду, не прибирає до кінця", негативний  
"Плита не рівно прогріває поверхню, деякі частини дуже сильно перегріваються", негативний  
"Соковижималка дуже складна в очищенні, залишає багато соку в контейнері", негативний  
"Тостер дуже довго працює, і іноді не підсмажує рівно хліб", негативний  
"Портативний акумулятор дуже важкий і громіздкий", негативний  
"Камера часто фокусується не на тому, на чому повинна, і часто виходить розмитим", негативний  
"Масажер не надає бажаного ефекту, навіть після кількох сеансів", негативний  
"Рукавиці дуже вузькі і не підходять для більшості розмірів рук", негативний  
"Принтер видає слабкий друк і часто застрягає при роботі", негативний  
"Мікрохвильовка погано гріє, їжа залишається холодною всередині", негативний  
"Картридж швидко виходить з ладу і втрачає якість друку", негативний  
"Ручка для письма часто псується, чорнила виходять нерівно", негативний  
"Машинка для манікюру працює дуже повільно і потребує багато зусиль для досягнення результату", негативний  
"Бритва швидко тупиться і залишає подразнення на шкірі", негативний  
"Набір інструментів для дому не включає всі необхідні деталі", негативний  
"Рюкзак не має достатньо кишень для організації речей", негативний  
"Монітор дуже швидко з'являються піксельні дефекти", негативний  
"Кавоварка не зручна в очищенні і забруднюється дуже швидко", негативний  
"Крісло для офісу не має гарної спинки, тому важко сидіти довго", негативний  
"Чохол для планшета не відповідає розміру, погано сидить на пристрої", негативний  
"Плівка для телефону погано прилягає і часто відклеюється", негативний  
"Телевізор має поганий кут огляду, зображення розмиті з боків", негативний  
"Крісла для саду дуже швидко ржавіють під впливом дощу", негативний  
"Велосипед дуже важкий і незручний для транспортування", негативний  
"Навушники швидко ламаються в місці згину", негативний  
"Ароматизатор для дому має занадто сильний запах, що викликає головний біль", негативний  
"Кавоварка не готує каву так, як повинна, іноді вона надто гірка або слабка", негативний  
"Штатив для камери дуже легко ламається", негативний  
"Набір для грилю дуже складно мити після використання", негативний  
"Лампа для вуличного освітлення дуже швидко ламається при дощі", негативний  
"Гриль сильно нагрівається з одного боку і залишає їжу підгорілою", негативний  
"Мікрохвильовка часто перегрівається і не вимикається автоматично", негативний  
"Машинка для стрижки швидко перестає працювати, має низьку потужність", негативний  
"Набір для манікюру швидко ламається, інструменти дуже крихкі", негативний  
"Смарт-браслет не має належної водонепроникності, швидко псується після контакту з водою", негативний  
"Телевізор часто зависає при перегляді контенту через інтернет", негативний  
"Вентилятор має погану регулювання швидкості, працює нерівномірно", негативний  
"Міксер має поганий корпус, швидко ламається через пластик", негативний  
"Штучна ялинка виглядає неестетично і не підходить для святкового декору", негативний  
"Фітнес-годинник не дуже точний у вимірюванні активності", негативний  
"Телефон має проблему з заряджанням, часто не заряджається до кінця", негативний  
"Принтер постійно видає помилки під час друку і не хоче працювати стабільно", негативний  
"Смартфон працює швидко та без запинок, навіть з багатьма додатками відкритими", позитивний  
"Кавоварка робить дуже смачну каву, ідеальна для ранкових ритуалів", позитивний  
"Чашка має красивий дизайн і дуже приємна на дотик", позитивний  
"Мікрохвильовка розігріває їжу рівномірно і швидко", позитивний  
"Пилосос має потужну всмоктувальну силу і легко очищує підлогу", позитивний  
"Робот-пилосос дуже ефективно прибирає, навіть в кутах", позитивний  
"Кросівки дуже зручні і комфортні, ідеальні для довгих прогулянок", позитивний  
"Машинка для стрижки дає ідеальні результати з першого разу, це прям сподобалося", позитивний  
"Штучна ялинка виглядає дуже реалістично і додає святкової атмосфери, це так круто", позитивний  
"Кавоварка працює тихо, не турбуючи інших", позитивний  
"Чохол для телефону забезпечує надійний захист і приємно виглядає", позитивний  
"Телевізор має чудову якість зображення, навіть при перегляді в сонячний день, мене це покорило", позитивний  
"Міксер працює бездоганно, швидко збиває інгредієнти до потрібної консистенції", позитивний  
"Соковижималка легка у використанні та швидко віджимають сік, супер", позитивний  
"Розумна лампочка підключається до Wi-Fi без проблем і має багато функцій, вау", позитивний  
"Рукавиці дуже теплі і добре захищають від холоду навіть у найсуворіші морози, вааууу", позитивний  
"Планшет має великий екран і чудову якість зображення для перегляду відео, топчик", позитивний  
"Телевізор підтримує всі популярні формати і дозволяє насолоджуватись контентом без перешкод, круто", позитивний  
"Блендер працює дуже тихо і швидко досягає потрібної консистенції для коктейлів. круть", позитивний  
"Робот-пилосос дуже зручний для людей з обмеженими можливостями, легко управляється через додаток, топ", позитивний
"Миксер зручний в використанні, швидко збиває інгредієнти до потрібної консистенції, але через свою потужність він інколи надто сильно розбризкує рідкі продукти, тому потрібно бути обережним під час роботи. В принципі, хороше співвідношення ціни та якості, але через цю незручність не можу поставити п’ятірку. Відмінно підходить для домашнього використання, якщо не плануєте готувати на великі компанії", нейтральний  
"Чайник виглядає стильно, матеріал хорошій якості, вода швидко закипає, але через тонкі стінки з’являється характерний запах металу, який інколи може передаватися воді. Додатково, ручка ускладнює наливання, адже вона розташована низько, а сам чайник досить важкий. Загалом він виконуватиме свою функцію, але є моменти, які не дають відчути повну зручність у користуванні", нейтральний  
"Телевізор чудово передає кольори та має хорошу яскравість, ідеально підходить для перегляду фільмів вдома. Однак, звукові характеристики не відповідають моїм вимогам. Звук не так чіткий, і навіть з налаштуваннями виникають труднощі з низькими частотами. Якщо ви плануєте використовувати його для перегляду фільмів з якісним аудіо, вам краще буде придбати додаткову аудіосистему. В іншому, в цілому задоволений покупкою", нейтральний  
"Набір каструль виготовлений із якісного матеріалу, зручні в експлуатації, рівномірно прогрівають їжу. Однак варто зазначити, що покриття досить чутливе до подряпин, що заважає використовувати металеві лопатки чи ложки. Також каструлі важкуваті, що може бути проблемою для людей з обмеженими фізичними можливостями. В цілому задоволений покупкою, але ці недоліки варто врахувати при виборі", нейтральний  
"Флешка швидка, без проблем передає великі об’єми даних. Але через її компактність є деякі труднощі з її пошуком серед інших пристроїв, вона може легко загубитися в сумці чи кишені. Важливий момент — вона може перегріватися при тривалому використанні. Для короткострокового використання — ідеальний варіант, але якщо потрібна флешка для тривалого зберігання великих обсягів даних, краще звернути увагу на іншу модель", нейтральний  
"Навушники мають відмінну звукоізоляцію і добре звучать на середніх і високих частотах. Вони зручні для використання в транспорті або в шумних приміщеннях. Проте при низьких частотах звук може бути не таким насиченим, як хотілося б. Довжина шнура не завжди зручна, а на деяких моделях з’являються проблеми з роз’ємом. В цілому вони гарно виконують свою функцію, але є деякі моменти, які потребують доопрацювання", нейтральний  
"Крісло зручне для коротких сесій сидіння, спинка підтримує спину, а підлокітники знімають частину навантаження з рук. Однак, під час довгого сидіння, його все одно починає бути незручно, а сидіння занадто тверде для тривалого комфорту. Система регулювання висоти і кута нахилу працює добре, але загалом відчувається, що матеріали для його виготовлення могли бути більш м’якими та комфортними", нейтральний  
"Масажер працює добре, функція вибору інтенсивності допомагає налаштувати його під свої потреби, однак він дуже шумить під час роботи, що може заважати при використанні вдень. Крім того, навіть на найменшій інтенсивності він все одно може бути трохи занадто сильним для чутливих користувачів. Незважаючи на це, ефективно знімає напругу в м’язах і забезпечує хороший релакс, але шум може стати проблемою для тих, хто шукає тихий масажер", нейтральний  
"Тостер працює добре, гріє хліб рівномірно з обох сторін, зручний у використанні. Проте є одна проблема: механізм підйому хліба може зламатися через кілька місяців використання. Він теж інколи перегрівається, що може призвести до неприємних запахів. В загальному непоганий пристрій, але є ризик неполадок через деякі деталі, тому не можу поставити максимальну оцінку", нейтральний  
"Мікрохвильовка швидка, ефективно розігріває їжу, має велику кількість режимів для різних страв. Але її розмір досить великий для маленьких кухонь. Також є певні труднощі з рівномірним прогрівом продуктів при використанні на максимальній потужності, іноді з’являються гарячі ділянки. Зручна та багатофункціональна, але через її розмір і деякі нюанси в роботі її можна порекомендувати лише для великих кухонь", нейтральний  
"Планшет легкий і компактний, ідеальний для перегляду відео та читання, однак є проблема з продуктивністю при використанні більш вимогливих додатків. Він може пригальмовувати під час роботи з кількома програмами одночасно. Батарея тримає досить довго, але заряджається повільно. Якщо ви плануєте використовувати його тільки для легких задач — це відмінний варіант, але для більш важких завдань є інші моделі", нейтральний  
"Сушарка для овочів та фруктів дуже зручна, працює тихо і ефективно. Однак важко зрозуміти оптимальний час сушіння для кожного виду продуктів, оскільки інструкція не дуже чітка. Також сушарка займає досить багато місця, тому не всім може бути зручно зберігати її в маленьких кухнях. Але загалом, якщо у вас є місце, вона працює дуже добре і дозволяє зберігати продукти на довгий час", нейтральний  
"Гриль зручний, добре підігріває і дає рівномірний розподіл тепла, однак після кількох місяців використання помітив, що пластик на ручці починає тріскатися. Технологія регулювання температури добре працює, але варто бути обережним з високими температурами, оскільки він може перегрітися. Для великих сімей він ідеальний, але для тих, хто не готовий до частих обслуговувань, я б порекомендував обрати інший, більш міцний варіант", нейтральний  
"Дитяча коляска має багато корисних функцій, таких як регульована спинка та підставка для ніг. Вона зручна і маневрена, однак, при складанні, деякі частини не щільно фіксуються, що може призвести до складнощів при транспортуванні. Також іноді виникають труднощі з передніми колесами, які можуть заїдати. Взагалі непогана модель для коротших прогулянок, але для довгих поїздок краще вибрати більш якісну модель", нейтральний  
"Пульт дистанційного керування працює добре, сигнали передаються швидко, але корпус пульта виготовлений із дуже тонкого пластику, і він легко ламається при випадковому падінні. Якщо ви дуже часто користуєтесь пультом, то він може зношуватись швидше, ніж очікувалося. Для повсякденного використання — нормально, але для довгострокового зберігання я б шукав більш надійну модель", нейтральний  
"Кавоварка працює добре, швидко готує каву, але дуже важко чистити її від накипу, тому для тих, хто часто використовує кавоварку, це може бути незручністю. Також через пластикові деталі іноді з’являється неприємний запах, який передається на смак кави. Кава смачна, але догляд за приладом потребує більше часу та зусиль", нейтральний  
"Машинка для стрижки волосся працює швидко і точно, зручна в руці, але іноді може перегріватися при довготривалому використанні. Крім того, насадки трохи незручні, особливо для тих, хто має густе волосся. Також не дуже довгий шнур, тому треба бути обережним під час стрижки в великому просторі. Для коротких стрижок — чудово, але для більш складних завдань, потрібно шукати модель з більшими можливостями", нейтральний  
"Фен для волосся працює добре, сушить волосся швидко, але досить важкий і не зовсім зручний для використання однією рукою. Режими швидкості та температури працюють без проблем, але через високу температуру можна обпектися, якщо не бути обережним. Для звичайного сушіння — підходить, але для довгого використання бажано обирати більш легкий варіант", нейтральний  
"Шліфмашина добре працює, швидко обробляє поверхні, але вона важка і може викликати втому при тривалому використанні. Крім того, є певні проблеми з розподілом сили, іноді шліфування не зовсім рівне. Потрібна певна майстерність, щоб досягти гарних результатів. Для професійного використання — підходить, але для домашніх робіт краще вибрати легший варіант", нейтральний  
"Інтернет-камера працює чудово, картинка чітка, але іноді з’являються проблеми з підключенням до Wi-Fi, що створює затримки. Програмне забезпечення також не завжди стабільне, інколи зависає. Камера в цілому хороша, але є дрібні проблеми, які можуть заважати при її використанні", нейтральний  
"Планшет працює досить швидко і зручно для перегляду відео та серфінгу в Інтернеті. Однак при тривалій роботі батарея розряджається досить швидко, і доводиться часто заряджати. Екран має гарну яскравість, але на сонці трохи бликує. Для легких задач — це чудовий варіант, але для більш інтенсивного використання батарея та продуктивність можуть бути недостатніми, нейтральний", нейтральний
"Принтер добре працює, швидко друкує і має непогану якість друку. Проте заміна картриджів досить дорога, а також інколи виникають проблеми з залипанням паперу. Якщо вам потрібно друкувати великі обсяги, цей принтер може виявитися дорогим у експлуатації", нейтральний
"Стіл має гарний вигляд і досить просторий, але після кількох місяців використання з'являються подряпини на поверхні. Крім того, стільниця трохи хитка, і потрібно регулювати ніжки, щоб уникнути нестабільності. Загалом хороший варіант для офісу, але є недоліки у довготривалій експлуатації", нейтральний
"Телевізор має хорошу картинку і швидко працює, але звук не дуже гучний, особливо коли ви хочете подивитися фільм або концерт. Додатково, пульт не завжди реагує швидко. В цілому, пристрій непоганий, але його аудіосистема не зовсім відповідає моїм вимогам", нейтральний
"Швейна машинка працює добре, з багатьма корисними функціями. Однак інколи виникають проблеми з ниткою, вона може постійно рватися або не проколювати тканину. Також, інструкція не зовсім чітка для новачків, і деякі функції важко зрозуміти. Для досвідчених швачок — хороший варіант, але для початківців є певні труднощі", нейтральний
"Микрохвильова піч працює швидко і ефективно розігріває їжу. Однак вона має досить великий розмір, що займає багато місця на кухні. Крім того, деякі продукти не розігріваються рівномірно, і потрібно кілька разів включати, щоб отримати бажану температуру. Для тих, хто має велику кухню, хороший варіант, але для маленьких кухонь може бути проблемою", нейтральний
"Смартфон працює швидко, має гарну камеру та екран. Однак батарея досить швидко розряджається при використанні кількох додатків одночасно. Також, з часом помітив, що пристрій нагрівається під час активного використання. Для базових задач він чудовий, але для більш інтенсивного використання батарея може не вистачити", нейтральний
"Електрична грілка працює швидко, дає достатньо тепла, однак інколи пластик в місцях з'єднання може нагріватися до високих температур, що викликає дискомфорт. Також при тривалому використанні грілка іноді перегрівається. Для короткострокового використання — добре, але для тривалого комфорту краще обрати модель з більш якісним матеріалом", нейтральний
"Робот-пилосос добре чистить підлогу, а його датчики допомагають йому уникати перешкод. Однак він не завжди може доїхати в важкодоступні місця, такі як кути чи під меблі. Також часом він може застрягати на килимах з високим ворсом. Хороший для регулярного очищення, але потребує допомоги для ретельного прибирання", нейтральний
"Кавоварка зручна в користуванні, швидко готує смачну каву, але вона дуже чутлива до накипу, і його потрібно чистити дуже часто. Крім того, вона може перегріватися, якщо використовувати її більше ніж одну-дві чашки поспіль. Задоволений кавою, але обслуговування вимагає певних зусиль", нейтральний
"Камера має високу якість зображення, але стабілізація не завжди працює і відео може бути розмитим під час руху. Крім того, при низькому освітленні з'являється шум на зображенні. Загалом для повсякденного використання камера непогана, але для професійних зйомок є недоліки", нейтральний
"Зарядна станція працює добре, швидко заряджає пристрої, але її важко транспортувати через великий розмір. Крім того, під час заряджання пристроїв іноді перегрівається, що викликає невеликі проблеми з безпекою. Для стаціонарного використання — хороший варіант, але для подорожей краще знайти щось компактніше", нейтральний
"Міні-холодильник має досить великий об'єм, ідеально підходить для офісів або малих кухонь. Однак він досить шумний, і під час роботи створює неприємний гул. Також є проблеми з підтримкою постійної температури, інколи продукти зберігаються не зовсім на належному рівні охолодження. Хороший для короткострокового використання, але є нюанси з ефективністю", нейтральний
"Тепловий насос працює ефективно, швидко нагріває приміщення. Проте він досить шумний і може створювати дискомфорт при тривалому використанні. Також, через певну складність в налаштуваннях, знадобиться час, щоб підібрати оптимальну температуру. В загальному ефективний для невеликих приміщень, але є недоліки при довготривалому використанні", нейтральний
"Машинка для стрижки волосся працює досить добре, але інколи лезо може застрягати на густому волоссі. Шумить вона досить голосно, тому для тих, хто звик до тиші, це може бути незручністю. Також, незважаючи на свою компактність, її важко використовувати для точних стрижок. У загальному, для базового догляду — підходить, але є свої моменти", нейтральний
"Сушарка для рук працює швидко, але інколи повітря може бути занадто гарячим, що не завжди комфортно. Також, за деяких умов вона може не висушити руки до кінця, і доводиться використовувати її кілька разів. Загалом, для невеликих приміщень — добре, але є моменти, які потребують удосконалення", нейтральний
"Кріселко досить зручне, спина не втомлюється, але матеріал оббивки виглядає дещо дешевим і швидко зношується. Сидіти комфортно, але треба бути обережним з механізмами регулювання, бо вони інколи не працюють належним чином. Для недовгих робочих сесій — підходить, але для тривалого сидіння краще щось міцніше", нейтральний
"Палетка для макіяжу має гарні відтінки, але деякі кольори погано лягають на шкіру і вимагають додаткових шарів для досягнення насиченого кольору. Деякі тіні тримаються на шкірі не дуже довго, і доводиться часто коригувати макіяж. В принципі, підходить для тих, хто любить пробувати нові кольори, але не для тих, хто хоче стійкість", нейтральний
"Кавовий апарат працює досить швидко, але інколи капсули застрягають і їх потрібно виймати вручну. Крім того, вартість капсул досить висока, і якщо часто користуватися, це може обійтися в копієчку. Кава виходить смачна, але за умови, що ви не проти частих замін і витрат на капсули", нейтральний
"Чохол для телефону добре захищає пристрій від подряпин, але трохи важкуватий, що ускладнює використання в руці. Виглядає стильно, але кольори можуть швидко вигорати на сонці. За ціною — прийнятний варіант, але не найзручніший для активного використання", нейтральний
"Блендер працює досить тихо, але інколи він не може подрібнити тверді інгредієнти на дрібні частини. Також він має не дуже зручну ручку, і коли ви використовуєте його для великих об'ємів продуктів, рука може втомлюватися. Для невеликих порцій — відмінно, але для великих об'ємів можна обрати інший варіант", нейтральний
"Кросівки зручні, але швидко зношується підошва, і через кілька місяців починають виникати проблеми з амортизацією. Колір виглядає класно, але матеріал може розтягуватися, що створює дискомфорт під час тривалих прогулянок. Для активного використання краще знайти модель з більш міцним матеріалом", нейтральний
"Картридж для принтера працює добре, але інколи він може бути недостатньо чорним для високоякісного друку. Проте, з огляду на ціну, це досить хороша заміна оригіналу, хоча для професійних задач краще знайти інший варіант. Для дому — чудово, але для роботи з великими обсягами тексту — ні", нейтральний
"Пилосос має потужний всмоктувальний потік, але він трохи важкий, що ускладнює його використання при необхідності переміщати його по всьому дому. Колеса інколи залипають, що ускладнює роботу. В цілому для стандартного прибирання — непогано, але для більш маневреного прибирання є інші моделі", нейтральний
"Ігровий монітор має чудову картинку, але інколи спостерігаються проблеми з підсвічуванням, яке іноді проявляється на чорних відтінках. Різкість і швидкість відгуку на хорошому рівні, але для роботи в темних умовах варто обрати іншу модель. Хороший для ігор, але для роботи — не зовсім підходить", нейтральний
"Електричний чайник гріє воду швидко, але через кілька місяців використання з'являються накипи на дні, що вимагає додаткового очищення. Також шумить він трохи сильніше, ніж очікувалось. Якщо ви хочете швидко закип'ятити воду — підходить, але для тривалого використання краще обирати з більшою стійкістю до накипу", нейтральний
"Фітнес-браслет має зручний дизайн і хороший екран, але інколи з'єднання з телефоном пропадає, що ускладнює використання. Крім того, інтерфейс не завжди інтуїтивно зрозумілий. Для тих, хто шукає простий браслет — нормальний варіант, але для більш професійних тренувань краще щось з більшими функціями", нейтральний
"Зволожувач повітря працює добре, але інколи він може виділяти неприємний запах через накопичення бруду в резервуарі. І хоча він допомагає підтримувати оптимальну вологість, інколи доводиться витрачати час на чистку. Хороший для короткочасного використання, але за умови регулярного обслуговування", нейтральний
"Кавоварка швидко готує, але постійно залишає осад", негативний  
"Курсор на клавіатурі чутливий, але не завжди працює на темних поверхнях", нейтральний  
"Набір для чаю виглядає красиво, але чашки трохи малі", нейтральний  
"Фен гарно сушить волосся, але трохи важкий для тривалого використання", нейтральний  
"Камера дає чітке зображення, але має низький рівень деталізації при поганому освітленні", нейтральний  
"Портативна колонка з хорошим звуком, але не вистачає басів", нейтральний  
"Книга цікава, але часом затягується", нейтральний  
"Смарт-годинник зручний, але час від часу зависає", нейтральний  
"Навушники з гарним звучанням, але трохи великі для моїх вух", нейтральний  
"Підставка для телефону стабільна, але важко регулюється", нейтральний  
"Електрочайник швидко закипає, але дно легко дряпається", нейтральний  
"Мотор для пилососа потужний, але дуже важкий для перенесення", нейтральний  
"Подушка комфортна, але забагато пір'я всередині", нейтральний  
"Вода в термосі тримає тепло, але занадто важкий для подорожей", нейтральний  
"Кавоварка працює швидко, але важко чиститься від накипу", нейтральний  
"Зволожувач повітря ефективний, але часом видає незрозумілі звуки", нейтральний  
"Скейтборд стабільний, але важко балансувати на ньому для початківців", нейтральний  
"Подушка для шиї зручно підтримує, але забагато матеріалу для комфорту", нейтральний  
"Шампунь добре піниться, але важко вимити з волосся", нейтральний  
"Плеєр добре працює, але інтерфейс не дуже інтуїтивно зрозумілий", нейтральний
"Флешка працює швидко, але іноді перегрівається", нейтральний  
"Вентилятор добре охолоджує, але має високий рівень шуму", нейтральний  
"Чашка для чаю красива, але важка для постійного використання", нейтральний  
"Дитяча іграшка безпечна, але не дуже цікава для дітей", нейтральний  
"Розумний годинник працює добре, але швидко сідає батарея", нейтральний  
"Робот-пилосос чистить добре, але іноді застряє в кутках", нейтральний  
"Набір для фарбування зручний, але фарба дуже швидко висихає", нейтральний  
"Машина для миття посуду добре миє, але часто потребує чищення фільтра", нейтральний  
"Косметичний набір хороший, але не вистачає кистей для макіяжу", нейтральний  
"Фен сушить добре, але надто гарячий для тонкого волосся", нейтральний  
"Ковдра м'яка, але погано зберігає тепло", нейтральний
"Пральна машина прання робить швидко, ідеально відпирає навіть важкі плями", позитивний  
"Штатив для камери дуже легкий і зручний у використанні, стабільність на висоті", позитивний  
"Куртка дуже тепла і комфортна, ідеально підходить для зимових холодів", позитивний  
"Міксер працює бездоганно, швидко і ефективно збиває інгредієнти", позитивний  
"Розумна лампочка має багато функцій і зручна у використанні через мобільний додаток", позитивний  
"Машина для кави готує смачну каву, легко налаштовується під особисті вподобання", позитивний  
"Блендер працює тихо і дуже ефективно перемелює навіть тверді продукти", позитивний  
"Масажер для шиї дуже зручний, знімав втому після довгого дня", позитивний  
"Планшет швидкий і потужний, не зависає навіть при відкритті декількох додатків", позитивний  
"Машина для стрижки дуже зручна, стрижка виходить рівною і акуратною", позитивний  
"Принтер має чудову якість друку і дуже швидко виводить документи", позитивний  
"Робот-пилосос працює чудово, підходить навіть для килимів, автоматично очищує всю кімнату", позитивний  
"Штучне дерево виглядає натурально і красиво, служить дуже довго", позитивний  
"Флешка з великою ємністю, передає файли швидко і без помилок", позитивний  
"Телефон швидко заряджається і тримає заряд протягом довгого часу", позитивний  
"Соковижималка працює бездоганно, зручно чиститься після використання", позитивний  
"Вентилятор дуже потужний і охолоджує приміщення за лічені хвилини", позитивний  
"Чохол для телефону має стильний дизайн, зручний і добре захищає телефон", позитивний  
"Кросівки дуже зручні, підійдуть як для спорту, так і для повсякденного використання", позитивний  
"Набір для манікюру дуже якісний, всі інструменти мають хорошу обробку", позитивний  
"Маска для обличчя дає чудовий результат, шкіра стає м'якою і зволоженою", позитивний  
"Пилосос дуже потужний, чистить все без зусиль навіть на важкодоступних місцях", позитивний  
"Фітнес-браслет дуже зручний, точно вимірює пульс та кроки", позитивний  
"Гриль працює чудово, готує швидко і рівномірно, зручний у використанні", позитивний  
"Робот-пилосос має велику потужність і не пропускає жодної ділянки на підлозі", позитивний  
"Набір для вишивання має всі необхідні матеріали і дуже зручний у роботі", позитивний  
"Дитячий конструктор дуже цікавий, деталі легко з'єднуються і не ламаються", позитивний  
"Програвач для вінілових платівок має відмінний звук, приємно слухати", позитивний  
"Мікрохвильовка готує рівномірно і швидко, зручний у використанні", позитивний  
"Ковдра дуже м'яка, добре утримує тепло і не втрачає форму", позитивний  
"Швейна машина має багато функцій і дуже проста у використанні", позитивний  
"Скейтборд має хорошу стабільність і легко управляється, підходить для різних стилів катання", позитивний  
"Мікрофон має чистий звук і добре записує на відстані", позитивний  
"Набір для фарбування має високу якість фарби, легко наноситься і тримається довго", позитивний  
"Смартфон має великий екран, швидкий процесор і багато пам'яті для всіх моїх потреб", позитивний  
"Термос довго тримає тепло, виготовлений з якісного матеріалу", позитивний  
"Каструля рівномірно розподіляє тепло і зручна в очищенні", позитивний  
"Чашка дуже зручна, тримає тепло і має стильний дизайн", позитивний  
"Лампа має багато режимів освітлення, зручна для різних ситуацій", позитивний  
"Ручка для письма дуже зручна, не ковзає і довго не втомлює руку", позитивний  
"Соковижималка працює ефективно і швидко, зручна для щоденного використання", позитивний  
"Машинка для стрижки працює дуже тихо і ефективно, стрижка виходить рівною", позитивний  
"Кросівки дуже комфортні, добре підтримують стопу і не натирають", позитивний  
"Розумний годинник має багато корисних функцій і легко синхронізується з телефоном", позитивний  
"Електричний чайник швидко кип'ятить воду, зручний у використанні", позитивний  
"Плита працює швидко і рівномірно розподіляє тепло", позитивний  
"Термометр точний, швидко показує результат і зручний у використанні", позитивний  
"Флешка має велику швидкість передачі даних і добре зберігає файли", позитивний  
"Зволожувач повітря працює тихо і ефективно зволожує повітря", позитивний  
"Штучна ялинка виглядає дуже природно і легко встановлюється", позитивний  
"Масажер дуже зручний, допомагає зняти напругу з шиї і спини", позитивний  
"Смарт-лампочка має багато налаштувань, ідеально підходить для створення атмосфери", позитивний  
"Телевізор має чітке зображення, кольори яскраві і натуральні", позитивний  
"Зволожувач повітря класний, реально допомагає дихати, рекомендую", позитивний  
"Чохол на телефон стильний, але стерся за місяць", нейтральний  
"Навушники басові, але на вухах сидять не дуже зручно", нейтральний  
"Сковорідка просто кайф, нічого не пригорає, рекомендую", позитивний  
"Крутий зарядник, реально швидкий, прям респект виробнику", позитивний  
"Камера норм, але за такі гроші хотілося кращої якості відео", нейтральний  
"Годинник бомба, виглядає дорожче, ніж коштує, рекомендую", позитивний  
"Мікрофон якісний, але довжина шнура недостатня", нейтральний  
"Принтер друкує чітко, але картридж дорого змінювати", нейтральний  
"Пароварка функціональна, але важко мити", нейтральний  
"Стіл міцний, але лак стирається", нейтральний  
"Посудомийка тиха, але програми довгі", нейтральний  
"Крісло зручне, але механізм регулювання заїдає", нейтральний  
"Радіо компактне, але звук тихий", нейтральний  
"Посуд стильний, але швидко з’являються подряпини", нейтральний  
"Зубна щітка ефективна, але батарея слабка", нейтральний  
"Книга пізнавальна, але занадто багато технічної мови", нейтральний  
"Сумка гарна, але ремінь натирає", нейтральний  
"Тренажер функціональний, але займає багато місця", нейтральний  
"Дрон швидкий, але зарядка довга", нейтральний  
"Гамак зручний, але тканина тонка", нейтральний  
"Шезлонг комфортний, але складати важко", нейтральний  
"Соковижималка ефективна, але гучна", нейтральний  
"Блокнот гарний, але листки тонкі", нейтральний  
"Окуляри стильні, але дужки слабкі", нейтральний  
"Снігохід потужний, але витрати палива високі", нейтральний  
"Термоковдра тепла, але колір тьмяний", нейтральний  
"Навігатор точний, але екран малий", нейтральний  
"Чайник скляний, але нагрівається довго", нейтральний  
"Садовий інструмент зручний, але швидко тупиться", нейтральний  
"Стаціонарний міксер потужний, але займає багато місця", нейтральний  
"Велосипед маневрений, але гальма слабкі", нейтральний  
"Підставка під ноутбук зручна, але вентилятор шумний", нейтральний  
"Диван стильний, але оббивка швидко псується", нейтральний  
"Шкіряний ремінь якісний, але застібка незручна", нейтральний  
"Плита функціональна, але кнопки чутливі", нейтральний  
"Паркет гарний, але важко чиститься", нейтральний  
"Рюкзак зручний, але замки заїдають", нейтральний  
"Тостер пече добре, але важко чиститься", нейтральний  
"Планшет швидкий, але батарея слабка", нейтральний  
"Сушарка функціональна, але місця займає багато", нейтральний  
"Штори красиві, але тканина тонка", нейтральний  
"Плед теплий, але колір не відповідає фото", нейтральний  
"Пилосос потужний, але важкий", нейтральний  
"Дитяча іграшка гарна, але батарейки не входять у комплект", нейтральний  
"Капучинатор пінить добре, але працює голосно", нейтральний  
"Рушник м’який, але сильно линяє", нейтральний  
"Ліхтарик яскравий, але акумулятор швидко сідає", нейтральний  
"Книга цікава, але друк неякісний", нейтральний  
"Магнітна дошка зручна, але поверхня дряпається", нейтральний  
"Ролики швидкі, але ремені слабкі", нейтральний  
"Телевізор великий, але звук не дуже", нейтральний  
"Куртка тепла, але розмір маломірний", нейтральний  
"Набір ножів гострий, але ручки слизькі", нейтральний  
"Лампа яскрава, але шнур короткий", нейтральний  
"Коляска маневрена, але амортизація слабка", нейтральний  
"Стілець міцний, але незручний для довгого сидіння", нейтральний  
"Дзеркало стильне, але кріплення ненадійне", нейтральний  
"Матрац зручний, але запах зберігається довго", нейтральний  
"Блендер потужний, але кришка негерметична", нейтральний  
"Мультиварка функціональна, але інструкція складна", нейтральний  
"Шапка тепла, але швидко втрачає форму", нейтральний  
"Батарейки заряджаються швидко, але швидко сідають", нейтральний  
"Фен сушить швидко, але кнопки розташовані незручно", нейтральний  
"Кулер для води працює добре, але важко міняти бутиль", нейтральний  
"Мишка бездротова, але батарейки швидко сідають", нейтральний  
"Тренувальний костюм зручний, але тканина псується швидко", нейтральний  
"Чохол міцний, але слизький у руках", нейтральний  
"Кулер для комп’ютера тихий, але важко монтувати", нейтральний  
"Скейтборд швидкий, але колеса слабкі", нейтральний  
"Садова лавка зручна, але лак тріскається", нейтральний  
"Посудомийний засіб ефективний, але запах різкий", нейтральний  
"Тепловентилятор гріє добре, але шумний", нейтральний  
"Ліжко зручне, але матрац жорсткий", нейтральний  
"Рукавиці теплі, але шви розходяться", нейтральний  
"Садова тачка містка, але колеса слабкі", нейтральний
"Прасувальна дошка легка, але оббивка слизька", нейтральний  
"Гірлянда виглядає круто, але провід тонкий, боязко чіпати", нейтральний  
"Пилосос потужний, але на сходах використовувати незручно", нейтральний  
"Електропіч класна, підігріває швидко, рекомендую", позитивний  
"Сушарка для фруктів займає багато місця, але працює норм", нейтральний  
"Килим м'який і стильний, прям топчик, рекомендую", позитивний  
"Мережевий фільтр норм, але кнопка включення незручна", нейтральний  
"Шнур для зарядки довгий, але після місяця зламався", нейтральний  
"Розумна розетка працює стабільно, кайфова штука, рекомендую", позитивний  
"Гриль смачний, але чистити його — справжнє випробування", нейтральний  
"Тример зручний, але лезо швидко затупилось", нейтральний  
"Прасувальна машина топчик, але інструкція — капець", нейтральний  
"Швабра легка і зручна, але тканина погано віджимається", нейтральний  
"Скакалка міцна, але ручки незручні", нейтральний  
"Зволожувач класний, реально кайфую від вологості в кімнаті, рекомендую", позитивний  
"Термос крутий, тримає тепло довго, прям топ, рекомендую", позитивний  
"Ліхтарик маленький, але світить яскраво, рекомендую", позитивний  
"Навушники стильні, але звук так собі", нейтральний  
"Мікрохвильовка за свої гроші норм, але розміри невеликі", нейтральний  
"Зовнішній диск швидкий, але кабель короткий", нейтральний  
"Пральна машина тиха і працює без збоїв, рекомендую", позитивний  
"Скляний чайник гарний, але кришка не щільно закривається", нейтральний  
"Лампа стильна, але світло занадто тьмяне", нейтральний  
"Камера для авто норм, але з нічним режимом біда", нейтральний
"Книга цікава, але закінчення трохи передбачуване", нейтральний  
"Мишка зручна, але коврик потрібен обов’язково", нейтральний  
"Навушники круті, але ціна завищена", нейтральний  
"Сервіс доставки швидкий, але пакування неякісне", нейтральний  
"Килимок яскравий, але запах гуми не зникає", нейтральний  
"Термос добре тримає тепло, але об’єм малий", нейтральний  
"Флешка швидка, але корпус легко ламається", нейтральний  
"Сковорідка антипригарна, але ручка нагрівається", нейтральний  
"Годинник стильний, але ремінець дешевий", нейтральний  
"Розумна колонка хороша, але іноді не чує команд", нейтральний  
"Кур’єр привітний, але приїхав із запізненням", нейтральний  
"Вентилятор працює тихо, прям кайфово, рекомендую", позитивний  
"Робот-пилосос класний, але на килимах тупить", нейтральний  
"Розумна лампа кайфова, але додаток глючить", нейтральний  
"Сумка стильна, але ремінь тонкий, боюся, що порветься", нейтральний  
"Колонка норм, баси качають, але батарея слабка", нейтральний  
"Обігрівач топовий, гріє як треба, рекомендую", позитивний  
"Килимок для миші зручний, але запах хімії довго не вивітрюється", нейтральний  
"Термокружка кайфова, тримає тепло як обіцяли, рекомендую", позитивний  
"Сковорідка зручна, але ручка нагрівається", нейтральний  
"Батарейки норм, але вистачає ненадовго", нейтральний  
"Лазерна указка крута, навіть кіт у шоці, рекомендую", позитивний  
"Сушарка для взуття шумна, але гріє норм", нейтральний  
"Ковдра тепла, але важка, відчуваєш себе як під плитою, нейтральний", нейтральний  
"Плед м'який і кайфовий, прям для затишних вечорів, рекомендую", позитивний  
"Чайник закипає швидко, але пластик пахне", нейтральний  
"Портативна батарея реально виручає, рекомендую", позитивний  
"Клавіатура норм, але кнопки гучно клацають", нейтральний  
"Стільчик легкий, але трохи хитається", нейтральний  
"Дитячий конструктор класний, але деталей малувато", нейтральний  
"Ліхтарик потужний, світить як фара, рекомендую", позитивний  
"Підставка для телефону норм, але пластик виглядає дешево", нейтральний  
"Тостер підсмажує рівномірно, але хліб часто застрягає", нейтральний  
"Швейна машинка працює норм, але з інструкцією біда", нейтральний  
"Гаманець стильний, але відділень для карток мало", нейтральний  
"Валіза велика і містка, але колеса гучні", нейтральний  
"Духовка пече як треба, піца виходить ідеальна, рекомендую", позитивний  
"Міксер шумний, але добре збиває", нейтральний  
"Флешка швидка, але корпус виглядає крихким", нейтральний  
"Смарт-годинник функціональний, але ремінець незручний", нейтральний  
"Мікрохвильовка потужна і стильна, рекомендую", позитивний  
"Кухонні ваги точні, але екран швидко подряпався", нейтральний  
"Сонцезахисні окуляри стильні, але швидко дряпаються", нейтральний  
"Духовка пече рівномірно, рекомендую", позитивний  
"Пилосос потужний, але важкий", нейтральний  
"Електрична плита нагрівається швидко, рекомендую", позитивний  
"Чайник гарний, але кришка не щільно закривається", нейтральний  
"Подушка дуже м'яка, підходить для комфортного сну, рекомендую", позитивний  
"Сушарка для фруктів працює добре, але трохи шумить", нейтральний  
"Швабра компактна, але губка швидко зношується", нейтральний  
"Фітнес-браслет зручний, але батарея тримає недовго", нейтральний  
"М'ясорубка потужна, але важко мити деталі", нейтральний  
"Валіза велика, але ручка виглядає ненадійно", нейтральний  
"Окуляри для плавання добре тримаються і не пропускають воду, дуже задоволена", позитивний  
"Лампочки яскраві, але швидко перегорають", нейтральний
"Стіл просто бомба, виглядає круто в кімнаті, рекомендую", позитивний  
"Смарт-годинник кайфовий, тільки зарядка слабенька", нейтральний  
"Рюкзак топчик, вміщається все, навіть ноут", позитивний  
"Телефон норм, але камера не вражає", нейтральний  
"Крута миша для геймінгу, в руках лежить як рідна, рекомендую", позитивний  
"Шарф стильний, але колеться як їжак", нейтральний  
"Тапки огонь, теплі, прямо як у бабулі, рекомендую", позитивний  
"Блендер шумить як трактор, але свою роботу робить", нейтральний  
"Підставка для ноутбука норм, але кути не регулюються", нейтральний  
"Куртка стильна, але блискавка ламається на раз-два", нейтральний  
"Кросівки норм, але підошва слизька", нейтральний  
"Книга цікава, але текст дрібний, очі болять", нейтральний  
"Гаманець виглядає стильно, але блискавка часто заїдає", нейтральний  
"Соковижималка потужна і проста у використанні, дуже задоволена", позитивний  
"Рюкзак зручний, але швидко розходяться шви", негативний  
"Навушники класні, звук чистий, рекомендую", позитивний  
"Рюкзак великий і зручний, але блискавка заїдає", нейтральний  
"Сушарка для білизни легка і міцна, дуже задоволена", позитивний  
"Портативна колонка гучна, але заряд тримає недовго", нейтральний  
"Крісло комфортне, але тканина швидко зношується", нейтральний  
"Смартфон зависає під час ігор, розчарований покупкою, негативний", негативний  
"Книга цікава, захоплює з перших сторінок, рекомендую", позитивний  
"Епілятор працює ефективно, але трохи боляче", нейтральний  
"Штори гарні, але тканина просвічується, не зовсім задоволена", нейтральний  
"Чохол на планшет стильний і міцний, дуже задоволений", позитивний  
"Робот-пилосос справляється на тверду четвірку, іноді пропускає кути", нейтральний  
"Масажер для спини працює добре, але занадто гучний", нейтральний  
"Зарядний пристрій швидкий і компактний, рекомендую", позитивний  
"Блендер потужний, але ножі затупились через місяць", нейтральний  
"Гірлянди яскраві, гарно прикрашають кімнату, дуже задоволена", позитивний  
"Обігрівач працює добре, але трохи шумить", нейтральний  
"Ремінець для годинника стильний і міцний, дуже задоволена", позитивний  
"Штани класні, але після прання сіли", нейтральний  
"Соковижималка видає чудовий сік, але важко мити", нейтральний  
"Велосипед легкий і міцний, рекомендую для міста", позитивний  
"Теплі тапочки дуже зручні, рекомендую", позитивний  
"Мишка для комп'ютера зручна, але іноді не реагує на кліки", нейтральний  
"Телевізор має чудове зображення, картинка чітка та яскрава", позитивний  
"Ліхтарик дуже яскравий, працює довго на одному заряді", позитивний  
"Рюкзак місткий і має безліч кишень для різних дрібниць", позитивний  
"Тостер підсмажує хліб рівномірно, швидко і дуже зручно в очищенні", позитивний  
"Звукова система має чистий звук і чудову якість басів", позитивний  
"Картридж для принтера друкує чітко і довго не закінчується", позитивний  
"Тостер підсмажує хліб рівномірно, дуже простий у використанні і не займає багато місця", позитивний  
"Смартфон має потужний процесор, швидко запускає додатки і добре тримає заряд", позитивний  
"Пилосос добре всмоктує бруд і пил, зручно очищати після використання", позитивний  
"Робот-пилосос дуже потужний, працює ефективно і не пропускає жодної ділянки", позитивний  
"Машинка для стрижки має велику кількість насадок, стрижка дуже зручна", позитивний  
"Камера має відмінну роздільну здатність і чудово працює при різних умовах освітлення", позитивний  
"Блендер дуже потужний, швидко перетирає навіть тверді продукти", позитивний  
"Мікрофон має чіткий звук, підходить для запису в різних умовах", позитивний  
"Чохол для телефону має стильний дизайн і добре захищає від подряпин", позитивний
"Зволожувач повітря добре працює, але пластик видає запах", нейтральний  
"Смартфон зручний і швидкий, камера супер, рекомендую", позитивний  
"Зволожуючий крем приємно пахне, але шкіра залишається жирною", нейтральний  
"Кавомолка працює чудово, але контейнер малий", нейтральний  
"Гамак великий і міцний, ідеально для дачі, дуже задоволений", позитивний  
"Маска для обличчя освіжає шкіру, рекомендую", позитивний  
"Фен легкий і потужний, волосся сушить швидко, дуже задоволена", позитивний  
"Термокружка зручно лежить в руці і тримає тепло, дуже задоволена", позитивний  
"Смартфон повільно працює, але камера непогана", нейтральний  
"Шампунь пахне чудово, але не підходить для моєї шкіри", нейтральний  
"Ліхтарик легкий, але батарейки сідають швидко", нейтральний  
"Чохол зручно сидить на телефоні, але виглядає просто", нейтральний  
"Посудомийка компактна і працює тихо, рекомендую", позитивний  
"Кепка яскрава і стильна, дуже задоволений", позитивний  
"Гаманець зручний, але трохи малий для великих купюр", нейтральний  
"Рушник великий і пухнастий, дуже задоволена", позитивний  
"Термос великий, але кришка трохи протікає", нейтральний  
"Навушники працюють чудово, звук чистий, рекомендую", позитивний  
"Сумка легка і міцна, дуже задоволена", позитивний  
"Штани виглядають класно, але трохи натирають", нейтральний  
"Швабра легка у використанні, але губка швидко стирається", нейтральний  
"Кросівки зручні, підошва міцна, рекомендую", позитивний  
"Тостер швидкий і компактний, дуже задоволена", позитивний  
"Клавіатура тихо працює, дуже зручна, рекомендую", позитивний  
"Пилосос добре справляється з килимами, задоволений", позитивний  
"Кепка мала, але виглядає красиво", нейтральний  
"Штатив компактний, зручний у дорозі, рекомендую", позитивний  
"Маска для обличчя дає хороший ефект, рекомендую", позитивний  
"Електрочайник стильний, але працює повільно", нейтральний  
"Тостер компактний, тости виходять ідеальні, дуже задоволений", позитивний  
"Пилосос добре чистить, але швидко нагрівається", нейтральний  
"Гриль готує ідеально, м'ясо виходить соковитим, рекомендую", позитивний 
"Термос добре тримає температуру, кришка зручна, рекомендую", позитивний  
"Книга цікава, але шрифт занадто дрібний", нейтральний  
"Система очищення води працює ефективно, дуже задоволена", позитивний  
"Футболка після прання залишилась як нова, дуже задоволена", позитивний  
"Навушники гучні, але дроти плутаються", нейтральний  
"Чохол для планшета якісний, щільно прилягає, рекомендую", позитивний  
"Кепка добре захищає від сонця, виглядає стильно", позитивний  
"Гаманець маленький, але зручний, вміщує всі картки, рекомендую", позитивний  
"Рушник м'який, але швидко втрачає вигляд після прання", нейтральний  
"Ліхтарик яскравий, працює довго, дуже задоволена", позитивний  
"Соковижималка важка у догляді, але сік виходить смачний", нейтральний  
"Термокружка зручна, але погано тримає тепло", нейтральний  
"Клавіатура підсвічується, друкувати зручно, дуже задоволений", позитивний  
"Швабра зручна, легко миє підлогу, рекомендую", позитивний  
"Навушники зручні, але звук неякісний", нейтральний  
"Плед теплий, ідеально підходить для прохолодних вечорів", позитивний  
"Годинник гарний, але стрілки не світяться в темряві", нейтральний  
"Тостер добре працює, але трохи повільний", нейтральний  
"Ковдра м'яка, відмінна якість, дуже задоволена", позитивний  
"Фен сушить швидко, але сильно нагрівається, нейтральний", нейтральний  
"Лампа стильна, добре освітлює, рекомендую", позитивний  
"Чохол зручний, але матеріал виглядає дешево", нейтральний  
"Термос невеликий, але тримає тепло весь день, дуже задоволений", позитивний  
"Смартфон стильний, камера знімає якісно, рекомендую", позитивний  
"Зволожувач повітря стильний і тихий, рекомендую", позитивний  
"Соковижималка видає забагато м'якоті, не дуже зручно", нейтральний  
"Клавіатура красива, але кнопки натискаються важко", нейтральний  
"Годинник виглядає дорого і працює бездоганно, дуже задоволений", позитивний  
"Футболка виглядає красиво, але шви грубі, трохи розчарована", нейтральний  
"Книга зручна у форматі, але текст складний для розуміння", нейтральний  
"Футболка яскрава, колір не линяє після прання", позитивний  
"Рукавиці теплі, але швидко зношуються", нейтральний  
"Навушники працюють добре, але трохи важкі", нейтральний  
"Книга пізнавальна, багато нових фактів, рекомендую", позитивний  
"Килим м'який, легко чиститься, дуже задоволена", позитивний  
"Килимок для йоги міцний і не ковзає, дуже задоволена", позитивний  
"Штани м'які, добре сидять, рекомендую", позитивний  
"Соковижималка проста у догляді, сік виходить смачний, рекомендую", позитивний  
"Рюкзак зручний, багато відділень, дуже задоволений", позитивний  
"Сумка якісна, вміщає багато речей, рекомендую", позитивний  
"Шампунь залишає волосся гладким і блискучим, дуже задоволена", позитивний  
"Посудомийка зручна, економить час, рекомендую", позитивний  
"Електрогриль готує швидко, їжа не прилипає, рекомендую", позитивний  
"Зарядний пристрій швидкий, але іноді перегрівається", нейтральний  
"Книга корисна, багато цікавої інформації, дуже задоволена", позитивний  
"Шампунь добре піниться, волосся стає м'яким, рекомендую", позитивний  
"Фен швидко перегрівається і вимикається, незадоволена", негативний
"Термокружка не тримає тепло довше години, незадоволений", негативний
"Смартфон постійно зависає, камера погана, розчарований", негативний
"Шампунь викликає свербіж і подразнення, не рекомендую", негативний
"Ліхтарик слабкий, світло тьмяне, не вартий своєї ціни", негативний
"Чохол швидко тріскається, не задоволена", негативний
"Посудомийка працює голосно і погано миє посуд, розчарований", негативний
"Кепка втратила форму після першого прання, незадоволений", негативний
"Гаманець погано прошитий, нитки розійшлися через тиждень", негативний
"Рушник линяє і залишає ворсинки, розчарована", негативний
"Термос протікає і погано тримає тепло, не рекомендую", негативний
"Навушники швидко зламалися, звук став глухим, не рекомендую", негативний
"Сумка розірвалася через тиждень, дуже розчарована", негативний
"Штани линяють і швидко рвуться, розчарований", негативний
"Швабра крихка, зламалася через кілька використань", негативний
"Кросівки натирають і розклеїлися через місяць, незадоволена", негативний
"Тостер згорів через два тижні, якість жахлива", негативний
"Плед дуже тонкий і холодний, незадоволений", негативний
"Мікрохвильовка працює нерівномірно, їжа залишається холодною в середині", негативний
"Чайник протікає і погано нагріває воду, не рекомендую", негативний
"Холодильник шумний і погано охолоджує, дуже незадоволений", негативний
"Пилосос слабкий, не збирає пил, дуже розчарована", негативний
"Пральна машина протікає і погано віджимає речі, незадоволений", негативний
"Годинник швидко розряджається, не рекомендую", негативний
"Рюкзак незручний, шлейки натирають плечі, дуже незадоволена", негативний
"Матрац дуже жорсткий і незручний, погано спиться", негативний
"Подушка втратила форму через тиждень, дуже розчарована", негативний
"Штори виглядають дешево, тканина швидко рветься", негативний
"Кавоварка часто ламається, напої не гарячі, розчарований", негативний
"Обігрівач шумний і погано гріє, не рекомендую", негативний
"Диван незручний і швидко просів, розчарована", негативний
"Крісло скрипить і розхиталося через місяць", негативний
"Соковитискач погано віджимає сік, залишає багато м'якоті", негативний
"М'ясорубка слабка, не може подрібнити навіть м'яке м'ясо", негативний
"Зволожувач повітря шумний і швидко перестав працювати", негативний
"Зарядний пристрій перегрівається і ламається, незадоволений", негативний
"Пауербанк швидко розряджається і не заряджає повністю телефон", негативний
"Пральний порошок погано відпирає речі, не рекомендую", негативний
"Мило викликає сухість і подразнення шкіри", негативний
"Крем для обличчя залишає жирну плівку, не рекомендую", негативний
"Фен ламається через місяць використання, дуже розчарована", негативний
"Термокружка протікає, навіть коли щільно закрита, незадоволений", негативний
"Смартфон гріється і швидко розряджається, не рекомендую", негативний
"Шампунь сушить волосся і погіршує стан шкіри, розчарований", негативний
"Ліхтарик зламався після падіння з невеликої висоти, якість жахлива", негативний
"Чохол неприємний на дотик і швидко втрачає колір", негативний
"Посудомийка залишає посуд жирним, абсолютно незадоволена", негативний
"Кепка зшита нерівно, виглядає дешево, розчарований", негативний
"Гаманець погано закривається, блискавка заїдає, незадоволений", негативний
"Рушник погано вбирає вологу і залишається вологим довгий час", негативний
"Термос не тримає тепло навіть кілька годин, не рекомендую", негативний
"Навушники постійно втрачають з'єднання з телефоном, жахлива якість", негативний
"Сумка виглядає красиво, але ремінь швидко порвався", негативний
"Штани зсілися після прання, якість залишає бажати кращого", негативний
"Швабра постійно розбирається, абсолютно незадоволена", негативний
"Кросівки викликають біль у ногах, не рекомендую", негативний
"Тостер пригорає хліб і нерівномірно гріє, розчарована", негативний
"Плед линяє, залишаючи ворсинки по всій кімнаті, незадоволений", негативний
"Мікрохвильовка важко відкривається і швидко ламається, жахлива якість", негативний
"Чайник шумить як реактивний двигун, абсолютно незадоволений", негативний
"Холодильник постійно тече, не вартий своїх грошей", негативний
"Пилосос важкий і незручний у використанні, не рекомендую", негативний
"Пральна машина залишає бруд на речах, абсолютно розчарована", негативний
"Годинник погано показує час і виглядає дешево, незадоволений", негативний
"Рюкзак швидко зношується, абсолютно не вартий своєї ціни", негативний
"Матрац пахне хімією і викликає алергію, дуже розчарована", негативний
"Подушка зовсім не зручна, шия постійно болить після сну", негативний
"Штори погано захищають від світла, не рекомендую", негативний
"Кавоварка ламається після декількох використань, жахлива якість", негативний
"Обігрівач перегрівається і вимикається, не рекомендую", негативний
"Диван виглядає красиво, але сидіти на ньому неможливо, дуже незадоволена", негативний
"Крісло хитається і здається дуже ненадійним, розчарований", негативний
"Соковитискач важко чиститься і погано працює, не рекомендую", негативний
"М'ясорубка гріється і перестає працювати через 10 хвилин, розчарований", негативний
"Зволожувач залишає білий наліт по всій кімнаті, незадоволений", негативний
"Зарядний пристрій заряджає дуже повільно, абсолютно розчарована", негативний
"Пауербанк занадто важкий і не тримає заряд, не рекомендую", негативний
"Пральний порошок залишає плями на одязі, абсолютно не рекомендую", негативний
"Мило розмокає і швидко зникає, дуже незадоволений", негативний
"Крем для рук викликає висипання, жахливий продукт", негативний
"Фен працює лише кілька хвилин, після чого перегрівається, не рекомендую", негативний
"Термокружка не зберігає тепло, через кілька хвилин уже холодна", негативний
"Смартфон постійно зависає, а батарея сідає дуже швидко", негативний
"Шампунь залишає волосся жирним і не допомагає від лупи, розчарована", негативний
"Ліхтарик не світить яскраво, через кілька днів перестав працювати", негативний
"Чохол виглядає дешево і швидко деформується", негативний
"Посудомийка залишає плями на посуді, не миє як треба", негативний
"Кепка розмір не відповідає опису, занадто мала", негативний
"Гаманець зіпсований після першого місяця використання, нитки розійшлися", негативний
"Рушник почав линяти після першого прання, дуже розчарована", негативний
"Термос не тримає температуру, рідина охолоджується швидко", негативний
"Навушники не працюють на повну гучність, звук низької якості", негативний
"Сумка порвалася через кілька днів використання, не рекомендую", негативний
"Штани дуже вузькі, матеріал погано тягнеться", негативний
"Швабра погано чистить підлогу і швидко втрачає ефективність", негативний
"Кросівки виглядають стильно, але дуже натирають ноги", негативний
"Тостер перегріває хліб і має дивний запах при використанні", негативний
"Плед линяє і залишає ворсинки по всій кімнаті, незадоволена", негативний
"Мікрохвильовка працює нерівномірно, їжа не прогрівається повністю", негативний
"Чайник кип'ятить воду повільно і важко відкривається", негативний
"Холодильник дуже шумить і не охолоджує рівномірно, незадоволений", негативний
"Пилосос не забирає пил і швидко розряджається, розчарований", негативний
"Пральна машина погано віджимає речі, залишає воду", негативний
"Годинник швидко розряджається і не тримає точного часу", негативний
"Рюкзак дуже важкий і непрактичний для щоденного використання", негативний
"Матрац дуже жорсткий, зіпсований після кількох днів сну", негативний
"Подушка викликає біль у шиї, зовсім не зручна", негативний
"Штори погано захищають від сонця, світло проникає", негативний
"Кавоварка ламається після кількох використань, напої погано готуються", негативний
"Обігрівач не працює належним чином, не нагріває кімнату", негативний
"Диван виглядає красиво, але дуже незручний для сидіння", негативний
"Крісло зламалося через два тижні, дуже низька якість", негативний
"Соковитискач погано віджимає сік, залишає багато м'якоті", негативний
"М'ясорубка не працює, мотори згоріли після кількох використань", негативний
"Зволожувач не покращує якість повітря і шумить, не рекомендую", негативний
"Зарядний пристрій не працює належним чином, розчарований", негативний
"Пауербанк заряджає дуже повільно, не підходить для швидкої зарядки", негативний
"Пральний порошок не справляється з плямами, абсолютно неефективний", негативний
"Мило дуже висушує шкіру, після використання з'явилася сухість", негативний
"Крем для рук не зволожує, залишає жирний слід, дуже незадоволена", негативний
"Фен зламався через тиждень після покупки, не працює належним чином", негативний
"Термокружка сильно пахне пластиком, навіть після миття, дуже незадоволений", негативний
"Смартфон надто повільно працює, навіть після оновлення системи", негативний
"Шампунь викликає алергію, шкіра стала червоною і свербить", негативний
"Ліхтарик швидко розряджається і не працює достатньо довго", негативний
"Чохол погано захищає від ударів, телефон сильно подряпався", негативний
"Посудомийка працює дуже тихо, але погано миє посуд, залишає сліди бруду", негативний
"Вражена якістю товару. Все працює чудово, задоволена покупкою!", позитивний
"Цей товар цілком задовольняє мої вимоги, але могли б додати більше функцій.", нейтральний
"Не спрацював як обіцяно. Надто швидко почав виходити з ладу.", негативний
"Прекрасна покупка, все працює так, як має бути! Рекомендую!", позитивний
"Товар виглядає непогано, але якість матеріалу залишає бажати кращого.", нейтральний
"Цей товар не вартий своїх грошей. Дуже розчарована.", негативний
"Товар відмінної якості, працює бездоганно! Чудова покупка.", позитивний
"Досить хороший товар, хоча можна було б покращити деякі деталі.", нейтральний
"Прийшов пошкоджений, і з першого ж використання зламався. Не рекомендую.", негативний
"Мене все влаштовує, товар відповідає заявленим характеристикам.", позитивний
"Товар середнього рівня, очікувала кращої якості за цю ціну.", нейтральний
"Абсолютно не працює так, як треба. Втрачені гроші.", негативний
"Рекомендую цей товар! Якість на висоті і все працює стабільно.", позитивний
"Товар виглядає пристойно, але не зовсім відповідає моїм потребам.", нейтральний
"Зіпсувався дуже швидко, повне розчарування.", негативний
"Це справжня знахідка! Користуюсь з великим задоволенням.", позитивний
"Товар не поганий, але не виправдав моїх великих очікувань.", нейтральний
"Товар не працює, замість того, щоб полегшити роботу, тільки додає проблем.", негативний
"Відмінна покупка, жодних проблем під час використання.", позитивний
"Цілком задоволена, але не можу сказати, що це ідеальний товар.", нейтральний
"Робить свою роботу погано, дуже розчарована.", негативний
"Не можу бути більш задоволена! Все працює на відмінно.", позитивний
"Товар хороший, але упаковка була пошкоджена під час доставки.", нейтральний
"Абсолютно не відповідає заявленим характеристикам, зіпсувався через пару днів.", негативний
"Придбала товар і дуже задоволена якістю. Рекомендую!", позитивний
"Товар на вигляд нормальний, але міг би бути і кращим.", нейтральний
"Після декількох днів використання товар вийшов з ладу. Не купуйте!", негативний
"Дуже гарний товар, чітко працює, рекомендую до покупки!", позитивний
"Товар цілком пристойний, але могли б попрацювати над його довговічністю.", нейтральний
"Товар не відповідає якості за цю ціну. Не вартий своїх грошей.", негативний
"Мене дуже вразила якість товару, буду купувати знову!", позитивний
"Товар прийшов без проблем, працює нормально, але нічого особливого.", нейтральний
"Замість обіцяної якості отримала лише розчарування. Викинуті гроші.", негативний
"Цей товар дійсно вартує уваги. Все працює як має бути!", позитивний
"Цілком задоволена, хоча є моменти, що можна покращити.", нейтральний
"Товар не спрацював так, як обіцяли, дуже розчарована.", негативний
"Товар ідеальний для моїх потреб! Чудова покупка.", позитивний
"Можливо, цей товар підійде не всім, але мені він цілком підходить.", нейтральний
"Товар зовсім не відповідає опису, дуже не задоволена.", негативний
"Покупка чудова, товар чудової якості та працює стабільно.", позитивний
"Не скажу, що поганий товар, але не вартий своїх грошей.", нейтральний
"Товар не працює належним чином. Надіявся на краще.", негативний
"Це одна з найкращих покупок цього року! Рекомендую.", позитивний
"Товар цілком влаштовує, але є моменти, які можна покращити.", нейтральний
"Товар зовсім не виправдав моїх очікувань. Велике розчарування.", негативний
"Покупка вдала! Товар працює і виглядає дуже добре.", позитивний
"Товар не працює взагалі, втрачені гроші.", негативний
"Товар чудовий, я дуже задоволена покупкою!", позитивний
"Товар не виправдав моїх сподівань, розчарована покупкою.", негативний
"Товар дуже хороший, все працює на відмінно!", позитивний
"Товар середнього рівня. Якщо не очікувати багато, то можна взяти.", нейтральний
"Товар зовсім не працює, не рекомендую. Маю розчарування.", негативний
"Товар чудовий, все працює як треба, дуже задоволена покупкою!", позитивний  
"Товар цілком нормальний, але за ці гроші можна знайти кращі варіанти.", нейтральний  
"Не рекомендую цей товар, зовсім не відповідає заявленим характеристикам.", негативний  
"Чудова покупка! Все працює на відмінно, задоволена на 100%.", позитивний  
"Товар в цілому непоганий, але є деякі недоліки, які варто врахувати.", нейтральний  
"Повне розчарування! Прийшов з дефектами і не працює.", негативний  
"Дуже задоволена покупкою! Все відповідає опису і працює без проблем.", позитивний  
"Товар виглядає добре, але за ці гроші можна було б очікувати більше.", нейтральний  
"Цей товар не вартий своїх грошей. Не виправдав очікувань.", негативний  
"Мега задоволена! Все працює стабільно і без збоїв.", позитивний  
"Товар в цілому непоганий, але є декілька моментів, які потребують вдосконалення.", нейтральний  
"Абсолютно не працює, дуже розчарована покупкою. Не рекомендую!", негативний  
"Придбала цей товар і не жалкую! Відмінне співвідношення ціни та якості.", позитивний  
"Товар нормальний, але не зовсім те, що я очікувала від нього.", нейтральний  
"Не спрацював належним чином, багато проблем при використанні.", негативний  
"Це ідеальна покупка! Я дуже задоволена якістю товару.", позитивний  
"Товар середнього рівня. Можна знайти й кращі варіанти за ці гроші.", нейтральний  
"Цей товар зовсім не працює, гроші на вітер. Розчарована.", негативний  
"Товар просто супер! Все працює без проблем, я дуже задоволена.", позитивний  
"Цей товар в цілому хороший, але не для всіх. Можна було б вдосконалити.", нейтральний  
"Товар зламався вже через кілька днів. Не вартий своїх грошей.", негативний  
"Дуже крутий товар, нічого поганого сказати не можу, працює відмінно.", позитивний  
"Товар нормальний, але обіцянки виробника не зовсім відповідають дійсності.", нейтральний  
"Товар не спрацював, відразу виникли проблеми. Не рекомендую.", негативний  
"Товар перевершив мої очікування! Я дуже задоволена покупкою.", позитивний  
"Цілком хороший товар, але є деякі мінуси, які варто врахувати.", нейтральний  
"Цей товар не виправдав моїх сподівань. Розчарування.", негативний  
"Прекрасний товар! Все працює відмінно і дуже зручний у використанні.", позитивний  
"Товар середнього рівня, не поганий, але є деякі недоліки.", нейтральний  
"Товар абсолютно не відповідає опису. Маю багато проблем з ним.", негативний  
"Товар чудовий, працює стабільно, ідеально підходить для моїх потреб.", позитивний  
"Товар в цілому хороший, але є деякі дрібні недоліки, які варто покращити.", нейтральний  
"Товар розчарував. Не виправдав моїх очікувань, дуже неякісний.", негативний  
"Задоволена покупкою, товар чудово працює, все як в описі.", позитивний  
"Товар не зовсім відповідає моїм вимогам, але в цілому нормальний.", нейтральний  
"Цей товар не працює, дуже розчарована. Не раджу купувати.", негативний  
"Чудова покупка! Все працює як треба, дуже задоволена товаром.", позитивний  
"Товар непоганий, але за цю ціну я очікувала кращу якість.", нейтральний  
"Цей товар вийшов з ладу через кілька днів, зовсім не рекомендую.", негативний  
"Товар відповідає всім заявленим характеристикам. Дуже задоволена!", позитивний  
"Цей товар непоганий, але є деякі проблеми з його функціональністю.", нейтральний  
"Товар не працює! Розчарування від покупки.", негативний  
"Товар просто чудовий! Я дуже задоволена покупкою та рекомендую всім.", позитивний  
"Товар хороший, але не без недоліків. Можна було б вдосконалити.", нейтральний  
"Цей товар не відповідає моїм очікуванням, гроші на вітер.", негативний
"Купила цей товар і не можу бути більш задоволена! Всі функції працюють відмінно, а якість матеріалів вразила. Зроблений на совість, зручний у використанні. Всі обіцяні характеристики дійсно відповідають реальності, жодних дефектів чи несправностей. Рекомендую цей товар всім, хто шукає щось надійне та функціональне.", позитивний
"Товар цілком хороший, але є кілька моментів, які можна було б удосконалити. Зокрема, упаковка могла бути кращою, так як деякі частини були пошкоджені під час доставки. Крім того, хоч і працює нормально, але функціональність не повністю відповідає моїм очікуванням. В цілому, товар нормальний, але я сподівалася на більше.", нейтральний
"Повне розчарування. Придбала цей товар, сподіваючись на його якість, але він не працює навіть через кілька днів використання. Постійно виникають проблеми з підключенням, а функції, які обіцяли, зовсім не працюють. Не рекомендую до покупки. Це були гроші на вітер.", негативний
"Вражена якістю цього товару! Все працює бездоганно, навіть краще, ніж я очікувала. Опис повністю відповідає реальності, і я не стикалася з жодними проблемами. Міцний, надійний і зручний у використанні. Впевнено можу рекомендувати цей товар друзям і знайомим. Вартує своїх грошей.", позитивний
"Товар виглядає цілком непогано, але кілька деталей залишають бажати кращого. Наприклад, матеріал виглядає дешевим, хоча зовнішній вигляд справляє непогане враження. Відповідає заявленим функціям, але працює не так швидко, як я очікувала. В цілому, товар непоганий, але є деякі моменти, які варто покращити.", нейтральний
"Не спрацював так, як обіцяли. Через два тижні використання почали виникати проблеми з підключенням і функціональністю. За таку ціну я очікувала набагато кращу якість. Повністю розчарована. Повертаю товар і більше не буду купувати цю марку. Замість того, щоб полегшити моє життя, товар тільки додав проблем.", негативний
"Це один з найкращих товарів, які я купувала останнім часом! Всі функції працюють відмінно, без збоїв і лагів. Виготовлений з якісних матеріалів, приємний на дотик і дуже зручний у використанні. Купувала вже схожі товари, але цей дійсно вражає. Повністю задоволена і готова порекомендувати його іншим.", позитивний
"Товар в принципі непоганий, але деякі моменти можна було б вдосконалити. Наприклад, на упаковці було кілька дефектів, хоча це не впливає на якість самого продукту. Використовую вже деякий час, працює без особливих проблем, але не можу сказати, що він ідеальний. Це хороший товар, але є варіанти, які могли б бути кращими.", нейтральний
"Цей товар абсолютно не відповідає моїм очікуванням. Я купила його через позитивні відгуки, але він почав погано працювати вже через кілька днів. Всі обіцянки виробника щодо функціональності не виправдалися. Гроші на вітер. Нікому не раджу цей товар. Дуже розчарована і повертаю його назад.", негативний
"Товар чудовий! Все працює стабільно, без збоїв. Легко налаштовується, має багато корисних функцій. Якість матеріалів на висоті, виглядає дорого і надійно. Придбала цей товар за порадою друга, і не шкодую. Повністю задоволена покупкою і вже рекомендувала його кільком знайомим.", позитивний
"В принципі товар нормальний, але є деякі недоліки. Наприклад, упаковка була трохи пошкоджена при доставці. В іншому, все працює як повинно, але іноді виникають невеликі труднощі при налаштуванні. Я б не сказала, що це ідеальний товар, але за свою ціну він цілком пристойний.", нейтральний
"Цей товар - повне розчарування. Я купила його, сподіваючись, що він буде якісним і зручним у використанні, але замість цього отримала лише проблеми. Спочатку він працював, але через кілька днів почали з'являтися різні збої. В результаті, я не можу використовувати його взагалі. Не рекомендую!", негативний
"Я була приємно здивована якістю цього товару. Він працює стабільно, легко налаштовується і виглядає дуже якісно. Я купувала подібний товар раніше, але цей перевершив усі очікування. Дуже задоволена покупкою і готова порекомендувати його всім друзям. Це саме те, що я шукала!", позитивний
"Товар непоганий, але має деякі недоліки, про які слід було б попередити. Механізм працює, але трохи шумить, що створює незручності. Крім того, упаковка була пошкоджена під час доставки, але сам товар не постраждав. В загальному товар влаштовує, але є над чим працювати.", нейтральний
"Цей товар абсолютно не вартий своїх грошей. Я купила його, оскільки думала, що він буде функціональним і якісним, але він не виправдав очікувань. Він почав давати збої через кілька днів використання. Це був справжній розчарувальний досвід, і я не рекомендую його нікому.", негативний
"Купила цей товар і не можу бути більш задоволена! Всі функції працюють відмінно, а якість матеріалів вразила. Зроблений на совість, зручний у використанні. Всі обіцяні характеристики дійсно відповідають реальності, жодних дефектів чи несправностей. Рекомендую цей товар всім, хто шукає щось надійне та функціональне.", позитивний
"Товар цілком хороший, але є кілька моментів, які можна було б удосконалити. Зокрема, упаковка могла бути кращою, так як деякі частини були пошкоджені під час доставки. Крім того, хоч і працює нормально, але функціональність не повністю відповідає моїм очікуванням. В цілому, товар нормальний, але я сподівалася на більше.", нейтральний
"Повне розчарування. Придбала цей товар, сподіваючись на його якість, але він не працює навіть через кілька днів використання. Постійно виникають проблеми з підключенням, а функції, які обіцяли, зовсім не працюють. Не рекомендую до покупки. Це були гроші на вітер.", негативний
"Вражена якістю цього товару! Все працює бездоганно, навіть краще, ніж я очікувала. Опис повністю відповідає реальності, і я не стикалася з жодними проблемами. Міцний, надійний і зручний у використанні. Купувала вже схожі товари, але цей дійсно вражає. Повністю задоволена і готова порекомендувати його іншим.", позитивний
"Товар виглядає цілком непогано, але кілька деталей залишають бажати кращого. Наприклад, матеріал виглядає дешевим, хоча зовнішній вигляд справляє непогане враження. Відповідає заявленим функціям, але працює не так швидко, як я очікувала. В цілому, товар непоганий, але є деякі моменти, які варто покращити.", нейтральний
"Не спрацював так, як обіцяли. Через два тижні використання почали виникати проблеми з підключенням і функціональністю. За таку ціну я очікувала набагато кращу якість. Повністю розчарована. Повертаю товар і більше не буду купувати цю марку. Замість того, щоб полегшити моє життя, товар тільки додав проблем.", негативний
"Це один з найкращих товарів, які я купувала останнім часом! Всі функції працюють відмінно, без збоїв і лагів. Виготовлений з якісних матеріалів, приємний на дотик і дуже зручний у використанні. Купувала вже схожі товари, але цей перевершив усі очікування. Повністю задоволена покупкою і готова порекомендувати його іншим.", позитивний
"Товар в принципі непоганий, але є деякі недоліки. Наприклад, упаковка була трохи пошкоджена при доставці. В іншому, все працює як повинно, але іноді виникають невеликі труднощі при налаштуванні. Я б не сказала, що це ідеальний товар, але за свою ціну він цілком пристойний.", нейтральний
"Цей товар абсолютно не відповідає моїм очікуванням. Я купила його через позитивні відгуки, але він почав погано працювати вже через кілька днів. Всі обіцянки виробника щодо функціональності не виправдалися. Гроші на вітер. Нікому не раджу цей товар. Дуже розчарована і повертаю його назад.", негативний
"Я була приємно здивована якістю цього товару. Він працює стабільно, легко налаштовується і виглядає дуже якісно. Я купувала подібний товар раніше, але цей перевершив усі очікування. Дуже задоволена покупкою і готова порекомендувати його всім друзям. Це саме те, що я шукала!", позитивний
"Товар непоганий, але має деякі недоліки, про які слід було б попередити. Механізм працює, але трохи шумить, що створює незручності. Крім того, упаковка була пошкоджена під час доставки, але сам товар не постраждав. В загальному товар влаштовує, але є над чим працювати.", нейтральний
"Цей товар абсолютно не вартий своїх грошей. Я купила його, оскільки думала, що він буде функціональним і якісним, але він не виправдав очікувань. Він почав давати збої через кілька днів використання. Це був справжній розчарувальний досвід, і я не рекомендую його нікому.", негативний
"Товар дуже класний! Все працює як має бути, дуже задоволена покупкою. Рекомендую всім, хто шукає надійний товар.", позитивний
"Товар нормальний, але є дрібні недоліки. Працює, але могли б бути кращі матеріали. В цілому, непогано для цієї ціни.", нейтральний
"Це найгірший товар, який я купувала. Не працює, як обіцяно, дуже розчарована і буду повертати.", негативний
"Я дуже задоволена цим товаром! Він працює без збоїв і виглядає якісно. Куплю ще раз і порекомендую друзям.", позитивний
"Товар в загальному непоганий, але має кілька недоліків. Могли б покращити якість матеріалів і упаковку. В цілому задоволена, але є над чим працювати.", нейтральний
"Не спрацював товар. Після кількох днів використання почалися проблеми. Не рекомендую. Це був великий розчарування.", негативний
"Вражений якістю товару! Виконує всі функції, які були обіцяні. Придбала і не шкодую, рекомендую!", позитивний
"Товар цілком пристойний, але не виправдав моїх великих очікувань. Трохи шумить, але в цілому працює.", нейтральний
"Товар абсолютно не відповідає опису! Вже через кілька днів використання він перестав працювати. Повертаю назад.", негативний
"Дуже задоволена цим товаром! Все працює чітко і без затримок. Рекомендую всім, хто шукає хороший і надійний продукт.", позитивний
"Товар супер, нарешті знайшла те, що шукала! Працює чітко, без глюків, рекомендую, взяла б ще раз!", позитивний  
"Товар ок, але були очікування на краще, робить свою справу, але не без дрібних нюансів. За ці гроші норм.", нейтральний  
"Повний відстій, товар не працює навіть після кількох днів, я в шоці! Не раджу купувати.", негативний  
"Просто вау! Все супер, працює на ура, виглядає круто, ціна адекватна. Вже рекомендую всім!", позитивний  
"Товар непоганий, але не зовсім те, що очікувала. Є пару моментів, що могли б бути кращими.", нейтральний  
"Товар не спрацював, не відповідає опису. Розчарована, гроші на вітер. Не купуйте.", негативний  
"Товар реально крутий! Виглядає класно, працює без проблем, радий покупкою на всі 100!", позитивний  
"Здавалося б, нормальний товар, але пару разів збоїли функції. Загалом непогано, але є до чого придертися.", нейтральний  
"Чисто розчарування, не рекомендую! Після кількох використань все поламалося, як так можна?", негативний  
"Вау, це реально топ! Все працює, виглядає класно, кожен день в користуванні, дуже задоволена!", позитивний  
"Товар на межі, функціонує, але очікувала кращу якість. За ці гроші в принципі можна пробачити.", нейтральний  
"Придбала і одразу шкодую! Товар не працює, дефектний. Буду повертати, не раджу.", негативний  
"Товар крутяк! Як тільки отримала, все перевірила — працює, як треба, повністю задоволена!", позитивний  
"Виглядає нормально, але функції трохи підводять. За таку ціну могло бути і краще.", нейтральний  
"Не купуйте цей товар! Вже на другий день перестав працювати, відразу повертаю.", негативний  
"Товар крутий! Все пофункціонує, як треба. Дійсно рекомендую!", позитивний  
"Товар непоганий, але є кілька недоліків. Якби трохи покращили матеріали, було б супер.", нейтральний  
"Не раджу! Товар не відповідає опису і працює погано, гроші на вітер.", негативний  
"Товар шикарний! Всі функції працюють як годинник, дуже задоволена покупкою!", позитивний  
"Нормальний товар, але не ідеальний. Можна було б доопрацювати деякі моменти.", нейтральний  
"Розчарування! Придбала, а він виявився не таким, як очікувала, одразу повертаю.", негативний
"Класний товар, працює без проблем, все чітко і швидко, точно вартий своїх грошей!", позитивний  
"Товар норм, але декілька моментів мені не дуже сподобались. В цілому виконуватиме свою роль.", нейтральний  
"Цей товар не вартий уваги! Через пару днів використання все перестало працювати.", негативний  
"Оце річ! Товар реально крутий, жодних нарікань. Вже рекомендую всім друзям!", позитивний  
"Здавалося б, нормальний товар, але був трохи зіпсований упаковкою, деякі функції працюють не ідеально.", нейтральний  
"Кошмар! Зіпсований товар, навіть не включається. З такими проблемами не купуйте!", негативний  
"Просто топ! Виглядає стильно, працює без нарікань, купила і не шкодую!", позитивний  
"Цей товар нічого особливого, працює нормально, але не виправдав очікувань, хотілося б краще.", нейтральний  
"Гроші викинуті на вітер! Товар не працює, абсолютно не те, що було обіцяно.", негативний  
"Товар супер, просто вибух! Всі функції працюють і навіть краще, ніж очікувала!", позитивний  
"Товар цілком пристойний, але трохи шумить. Для цієї ціни – ок, але хотілося б кращої якості.", нейтральний  
"Розчарована! Після кількох днів товар почав давати збій. Повертатиму!", негативний  
"Купила цей товар, і не пошкодувала! Виглядає шикарно і працює на ура!", позитивний  
"Загалом товар нормальний, але часом виникають проблеми з налаштуванням. Можна покращити.", нейтральний  
"Абсолютно не вартий своїх грошей. Не працює, як треба, і зламався вже на другий день.", негативний  
"Товар чотко працює, все супер, чекайте від нього тільки позитив!", позитивний  
"Виглядає добре, але не зовсім відповідає функціям. Для мене не зовсім підходить.", нейтральний  
"Не рекомендую! Товар зламався після кількох днів користування, з такими проблемами не варто брати.", негативний  
"Товар просто бомба! Все працює швидко і стабільно. Купувала для себе і дуже задоволена!", позитивний  
"Товар цілком ок, але є нюанси, які зіпсували враження. Взагалі не погано, але не ідеально.", нейтральний  
"Товар абсолютно не відповідає заявленим характеристикам. Не рекомендую!", негативний
"Товар топчик! Виглядає круто, все працює, як годинник. Не пожаліла про покупку!", позитивний  
"Нормальний товар, але щось не зовсім так, як я очікував. Не скажу, що погано, але й не вау.", нейтральний  
"Це жах! Через пару днів почав глючити, гроші на вітер, не купуйте!", негативний  
"Респект цьому товару! Працює на ура, ні разу не підвів, просто кайф!", позитивний  
"Ну, товар непоганий, але були й кращі варіанти за ту ж ціну. В принципі, окей.", нейтральний  
"Чисто розчарування! Прийшло все поламане, навіть не включається, буду повертати!", негативний  
"Це щось неймовірне! Виглядає круто, працює чудово, реально клас!", позитивний  
"Товар так собі, не можу сказати, що прям супер. Можна було й краще зробити.", нейтральний  
"Товар взагалі не вартий уваги. Як тільки його отримала — одразу зрозуміла, що промахнулась.", негативний  
"Вау, це бомба! Нічого зайвого, тільки чітка робота, рекомендую!", позитивний  
"Товар норм, але щось не зовсім підходить під мої вимоги. Як для таких грошей, окей.", нейтральний  
"Не раджу брати. Поламався через пару днів, і підтримка нічого не допомогла.", негативний  
"Придбала і не пошкодувала! Виглядає просто шик, а функціонал — на 100!", позитивний  
"Виглядає добре, але деякі моменти не спрацювали так, як я хотіла. В цілому норм.", нейтральний  
"Просто кошмар! Після кількох днів не працює, не варто купувати!", негативний  
"Товар реально крутий! Всі функції працюють без проблем, навіть краще, ніж очікувала!", позитивний  
"Товар так собі, виглядає нормально, але має свої недоліки. Загалом нормально для ціни.", нейтральний  
"Не вартий своїх грошей! Після тижня використання вже не працює. Не купуйте!", негативний  
"Виглядає стильно, працює чітко! Не шкодую, що купила!", позитивний  
"Товар непоганий, але пару моментів могли б зробити краще. В цілому норм.", нейтральний  
"Цей товар — суцільний розчарування. Не працює так, як має бути, не раджу.", негативний
"Товар просто супер, все працює, як має бути, рекомендую всім, хто шукає надійний продукт!", позитивний  
"Товар непоганий, але є кілька недоліків, на які варто звернути увагу. В цілому, може бути краще.", нейтральний  
"Абсолютно не працює! Після кількох днів використання зламався, дуже розчарована!", негативний  
"Товар чудовий, працює без нарікань, виглядає красиво і зручний у використанні. Рекомендую!", позитивний  
"Товар нормальний, але не те, що очікувала. Працює, але є моменти, які не зовсім відповідають опису.", нейтральний  
"Це просто катастрофа! Прийшов з дефектом, не працює, гроші на вітер.", негативний  
"Виглядає шикарно і працює без збоїв! Рекомендую всім, хто шукає стильний і надійний товар.", позитивний  
"Товар пристойний, але можна було б і краще. Для цієї ціни — в принципі нормально.", нейтральний  
"Не раджу! Через пару днів перестав працювати, навіть не включається.", негативний  
"Товар класний, відповідає всім описаним характеристикам! Задоволена покупкою на всі 100!", позитивний  
"Цей товар — суцільне розчарування. Не працює, як обіцяно, одразу повертаю назад.", негативний  
"Купила цей товар і не пошкодувала! Все працює чітко, виглядає чудово, задоволена покупкою!", позитивний  
"Товар цілком нормальний, але міг би бути й кращим. В принципі, прийнятно для такої ціни.", нейтральний  
"Абсолютно не вартий своїх грошей! Після кількох днів використання все зламалося. Не раджу купувати.", негативний  
"Це справжня знахідка! Товар чудовий, все працює без проблем, буду купувати ще!", позитивний  
"Виглядає нормально, але функції не зовсім відповідають заявленим. Можна було б покращити.", нейтральний  
"Цей товар — повний відстій. Не працює, як обіцяли, одразу повертаю.", негативний  
"Придбала цей товар і дуже задоволена! Все працює чудово, нічого не підводить, рекомендую!", позитивний  
"Товар виглядає непогано, але є деякі проблеми з функціональностю. Як для цієї ціни — нормально.", нейтральний  
"Не вартий своєї ціни, нічого не працює, відразу ж поламався. Не рекомендую.", негативний
"Купила зволожувач повітря, він працює добре, але займає забагато місця на столі." , нейтральний
"Придбала камеру спостереження, хороша якість зображення, але іноді проблеми з підключенням." , негативний
"Придбала геймерську мишку, зручна, але з часом кнопки почали працювати не так чітко." , негативний
"Купила обігрівач, добре нагріває, але корпус швидко покривається подряпинами." , нейтральний
"Придбала мобільний телефон, дуже задоволена якістю фото, але екран легко подряпати." , негативний
"Придбала праску, швидко нагрівається, але іноді залишає сліди води." , негативний
"Купила блендер, працює добре, але після кількох місяців почав тріщати корпус." , негативний
"Придбала кавоварку, смачна кава, але заскладно чистити після використання." , нейтральний
"Придбала електричний обігрівач, гарно нагріває, але через кілька годин почав видавати дивний запах." , негативний
"Купив вбудовану духовку, працює добре, але не можна контролювати температуру точно." , нейтральний
"Придбала пилосос, добре прибирає, але швидко розряджається." , негативний
"Купив інгалятор, зручний, але після декількох використань почав видавати шум." , нейтральний
"Придбала фритюрницю, смачна їжа, але важко мити після використання." , нейтральний
"Купив чайник, швидко закипає, але матеріал корпусу виглядає дешево." , негативний
"Купив ноутбук, працює швидко, але через кілька місяців з'явилися проблеми з екраном. Маю змішані відчуття." , негативний
"Придбала праску, прасує добре, але важка, тому важко утримувати її довго. В іншому задоволена." , нейтральний
"Купив кавоварку, вона чудово готує каву, але кнопки не завжди реагують. Надіявся на кращу якість." , негативний
"Придбала фітнес-трекер. Прекрасно вимірює пульс, але заряд тримається лише два дні." , негативний
"Купила пилосос , дуже потужний, але важкий. В цілому задоволена покупкою." , нейтральний
"Придбала камеру для відеозв'язку. Якість зображення чудова, але іноді виникають проблеми з фокусуванням." , нейтральний
"Придбала безпровідні навушники JBL, звук відмінний, але трохи тиснуть на вуха. Для мене це не критично." , нейтральний
"Купила мультиварку. Зручно готувати, але трохи важко чистити, особливо кришку." , нейтральний
"Придбала портативну колонку , звук чудовий, але досить важка для подорожей." , нейтральний
"Купив смартфон. Вражає швидкість, але батарея не тримає заряд так довго, як хотілося б." , негативний
"Придбала обігрівач. Нагріває добре, але трохи шумить на високих потужностях." , нейтральний
"Придбала зарядний пристрій . Швидко заряджає, але корпус дуже легко подряпати." , негативний
"Купив холодильник . Охолоджує дуже добре, але іноді трохи шумить, що не зовсім комфортно." , нейтральний
"Придбала тепловентилятор Rowenta. Нагріває швидко, але через деякий час стає дуже гарячим." , нейтральний
"Купила робота-пилососа iRobot. Чудово чистить, але час від часу заплутується в кабелях." , нейтральний
"Придбала смартфон. Для своєї ціни дуже хороший, але камера могла б бути кращою." , нейтральний
"Придбала плед, дуже м'який і теплий, але після кількох прань почав втрачати форму." , негативний
"Купив електричний чайник. Швидко закипає, але після кількох місяців з'явився запах пластмаси." , негативний
"Придбала відеокарту NVIDIA GTX 1660. Прекрасно працює для ігор, але температура підвищується занадто швидко при великих навантаженнях." , негативний
"Придбала швейну машинку Brother. Дуже зручна і проста у використанні, але трохи шумить при великій швидкості." , нейтральний
"Придбала ноутбук Lenovo IdeaPad. Він працює швидко і добре підходить для роботи, але екран трохи темний при яскравому освітленні." , нейтральний
"Купив кавоварку Nespresso. Кава виходить смачною, але капсули досить дорогі, що не зовсім вигідно в довгостроковій перспективі." , негативний
"Придбала пилосос Miele. Потужний і зручний, але трохи важкий для тривалого використання. Загалом, хороший товар." , нейтральний
"Купив смартфон Huawei P40. Камера чудова, але заряд батареї розряджається дуже швидко, що дуже незручно." , негативний
"Придбала кухонний комбайн Bosch. Дуже зручний і швидкий, але важкуватий для зберігання через великі розміри." , нейтральний
"Купив електричний обігрівач Electrolux. Нагріває приміщення швидко, але він трохи шумить, що може бути проблемою для тих, хто хоче тиші." , нейтральний
"Придбала портативну колонку JBL Charge 4. Якість звуку чудова, але колонка важка і не дуже зручна для подорожей." , нейтральний
"Придбала навушники. Відмінна якість звуку і шумоізоляція, але через кілька місяців користування почали з'являтися потертості на амбушюрах." , нейтральний
"Купила камеру для спостереження TP-Link Kasa. Легко налаштовується, але зображення іноді затримується на кілька секунд." , негативний
"Придбала кавоварку Krups. Вона готує каву швидко, але іноді капає вода під час наливу, що неприємно." , негативний
"Купив обігрівач Zanussi. Дуже ефективний для маленьких кімнат, але для більших площ не вистачає потужності." , нейтральний
"Придбала смартфон. Прекрасна камера і екран, але висока ціна, що робить його менш вигідним варіантом." , негативний
"Придбала електричну зубну щітку Oral-B. Працює добре, але батарея не тримає заряд так довго, як хотілося б." , негативний
"Купила пилосос. Зручний у використанні, але іноді не може впоратись з великими сміттями." , нейтральний
"Придбала холодильник LG. Працює тихо і охолоджує добре, але після кількох місяців почали з'являтися проблеми з морозильною камерою." , негативний
"Купив міксер Philips. Дуже потужний і швидко збиває, але він трохи важкий для використання на тривалій основі." , нейтральний
"Придбала планшет. Зручно працювати, але трохи важкий і не зовсім підходить для довгих сесій роботи." , нейтральний
"Купив камеру для домашнього відеоспостереження Ring. Якість зображення хороша, але іноді камера зависає, і потрібно перезавантажити." , негативний
"Придбала кулер для води. Прекрасно охолоджує і нагріває воду, але деякі функції не зовсім зрозумілі в налаштуваннях." , нейтральний
"Придбала зовнішній жорсткий диск Seagate. Працює стабільно, але досить гучний під час роботи." , нейтральний
"Придбала телевізор Samsung. Зображення чітке, але інтерфейс працює з затримкою, що трохи розчаровує." , негативний
"Купила мікрохвильову піч LG. Працює добре, але внутрішній простір трохи малуватий для великих тарілок." , нейтральний
"Придбала мультиварку Tefal. В цілому, чудова модель, але важко розібрати і почистити після використання." , нейтральний
"Купив смартфон . Швидкий, з відмінною камерою, але батарея не тримає заряд на весь день." , негативний
"Придбала пилосос Samsung. Гарно всмоктує пил, але вимагає частого очищення фільтрів." , нейтральний
"Купила електричний чайник Russell Hobbs. Закипає швидко, але корпус сильно нагрівається, що небезпечно." , негативний
"Придбала швейну машинку Singer. Легка у використанні, але інколи пропускає стібки на складних тканинах." , нейтральний
"Купив зовнішній SSD Samsung. Чудова швидкість передачі даних, але досить дорогий." , негативний
"Придбала обігрівач. Дуже ефективний, але трохи шумить на високих режимах." , нейтральний
"Купила безпроводну мишу Logitech. Дуже зручна, але іноді з'єднання трішки пропадає." , нейтральний
"Чисто розчарування, не рекомендую! Після кількох використань Міксер Braun MQ3000 поламався, як так можна?", негативний
"Вау, це реально топ! Смарт-годинник Apple Watch SE працює, виглядає класно, кожен день в користуванні, дуже задоволена!", позитивний
"Навушники  на межі, функціонує, але очікувала кращу якість. За ці гроші в принципі можна пробачити.", нейтральний
"Придбала Блендері одразу шкодую! Товар не працює, дефектний. Буду повертати, не раджу.", негативний
"Кавоварка DeLonghi EC685 крутяк! Як тільки отримала, все перевірила — працює, як треба, повністю задоволена!", позитивний
"Виглядає нормально, але функції Пилососа Samsung VC4100 трохи підводять. За таку ціну могло бути і краще.", нейтральний
"Не купуйте Миша Logitech M190! Вже на другий день перестала працювати, відразу повертаю.", негативний
"Ноутбук крутий! Все пофункціонує, як треба. Дійсно рекомендую!", позитивний
"Телевізор непоганий, але є кілька недоліків. Якби трохи покращили матеріали, було б супер.", нейтральний
"Не раджу! Електрочайник не відповідає опису і працює погано, гроші на вітер.", негативний
"Планшет  — це повне розчарування. Досить повільний і працює з перебоями.", негативний
"Вау! Фотоапарат перевершив всі очікування. Якість зйомки просто неймовірна!", позитивний
"Клавіатура  середня, функціонує, але є питання до матеріалів.", нейтральний
"Купила Холодильник Bosch KGV36 і шкодую! Він не працює належним чином, постійно тече.", негативний
"Дуже задоволена Мультиваркою Redmond RMC-M90! Їжа готується швидко і дуже смачна.", позитивний
"Праска  виглядає нормально, але трохи важка, до цього доведеться звикати.", нейтральний
"Фітнес-браслет — не купуйте! Після тижня використання перестав заряджатися.", негативний
"Вебкамера — це саме те, що потрібно для роботи. Зображення чітке, звук чудовий!", позитивний
"Тостер  працює, але підрум'янює хліб нерівномірно. Можна знайти кращий варіант.", нейтральний
"Не рекомендую! Гриль T просто жахливий, перегрівається і псує їжу.", негативний
"Крутий товар! Монітор  дуже чіткий, ідеальний для роботи і розваг.", позитивний
"Колонка JBL Flip 6 виглядає нормально, але звук не такий гучний, як обіцяли.", нейтральний
"Купила Пауербанк Xiaomi Mi Power Bank 3 і одразу розчарувалася. Заряджає повільно і швидко розряджається.", негативний
"Дуже задоволена покупкою Смартфона! Він працює бездоганно і має чудову камеру.", позитивний
"Соковитискач Braun J700 середньої якості, працює нормально, але складно чистити.", нейтральний
"Шкодую про покупку Пилососа Dyson V8! Зарядки вистачає на 15 хвилин, що катастрофічно мало.", негативний
"Чайник просто супер! Швидкий нагрів і стильний дизайн — рекомендую.", позитивний
"Навушники працюють, але мікрофон часто підводить. За такі гроші очікувала кращого.", нейтральний
"Товар Зволожувач повітря Philips HU4803 не виправдав очікувань, відразу повернула.", негативний
"Лампа Xiaomi Mi Desk Lamp — чудовий вибір! Світло м'яке, дизайн мінімалістичний.", позитивний
"Гарнітура працює, але під час розмови бувають перешкоди. Можна знайти кращу альтернативу.", нейтральний
"Не рекомендую! Сушка для фруктів Esperanza EKD003 дуже шумна і працює нерівномірно.", негативний
"Крутий Електросамокат Segway Ninebot! Дуже комфортний у використанні, легко управляється.", позитивний
"Ноутбук виглядає добре, але трохи перегрівається при довготривалому використанні.", нейтральний
"Шкодую про покупку Термопоту ! Пластик пахне навіть після кількох місяців використання.", негативний
"Чудовий вибір! Зарядний пристрій Baseus GaN 65W заряджає дуже швидко і не гріється.", позитивний
"Електрична щітка середнього рівня. Могло б бути більше функцій за цю ціну.", нейтральний
"Не беріть Портативний кондиціонер ! Він взагалі не охолоджує, даремна трата грошей.", негативний
"Соковитискач Hurom H-AA — це просто знахідка! Соки смачні, легкий у догляді.", позитивний
"Миша працює, але ковзає погано. Для геймерів може бути незручно.", нейтральний
"Дуже розчарована Телевізором Samsung UE43AU7100! Зображення тьмяне, звук низької якості.", негативний
"Монітор  просто чудовий! Відмінна якість зображення і стильний дизайн.", позитивний
"Пилососсереднього рівня. Могло бути більше потужності.", нейтральний
"Фітнес-браслет перестав працювати через місяць. Дуже розчарована.", негативний
"Бездротова колонканеймовірна! Звук чистий, батарея довго тримає заряд.", позитивний
"Планшет  функціонує, але очікувала кращої продуктивності. Не для вимогливих задач.", нейтральний
"Шкодую про покупку Електроплити! Нагрівається дуже довго.", негативний
"Гриль перевершив очікування. Все готується швидко і рівномірно.", позитивний
"Чисто розчарування! Електрична пічка Saturn  поламалася через тиждень. Не рекомендую!", негативний
"Круто! Сушарка для волосся еревершила всі мої очікування. Волосся гладке, швидко сушить!", позитивний
"Мікрохвильовка функціонує, але потужності явно не вистачає. Дещо розчарована.", нейтральний
"Покупка Фена була величезною помилкою! Постійно вимикається під час роботи.", негативний
"Це просто любов! Пароочисник робить дива, дуже задоволена результатом!", позитивний
"Електрична грілка виглядає добре, але нагрівається занадто повільно. Можна знайти краще.", нейтральний
"Не беріть! Епілятор зовсім не видаляє волосся, даремно витрачені гроші.", негативний
"Кофемашина працює бездоганно! Кава смачна, ідеально підходить для дому.", позитивний
"Кулер для води — середній товар. Вода охолоджується повільно, але в цілому прийнятно.", нейтральний
"Розчарована! Вентилятор ледве працює, шумить жахливо.", негативний
"Вау! Електронна книга дуже зручна для читання, рекомендую всім!", позитивний
"Зарядний пристрій працює, але не підтримує швидке заряджання. Очікувала кращого.", нейтральний
"Жахливий товар! Планшет зависає постійно, абсолютно не раджу.", негативний
"Купівля Відеореєстратора була вдалою. Відео чітке, інтерфейс зрозумілий!", позитивний
"Навушники перестали працювати через тиждень. Даремно витрачені гроші.", негативний
"Зарядний пристрій супер! Швидке заряджання і якісна збірка. Рекомендую!", позитивний
"Це жах! Машинка для стрижки зовсім не стриже, батарея слабка.", негативний
"Вражена якістю! Електробритва працює чудово, дуже задоволена покупкою.", позитивний
"Шкодую про покупку Обігрівача ! Ледь гріє, зовсім неефективний.", негативний
"Тримач для телефону просто топ! Надійно тримає телефон, виглядає стильно.", позитивний
"Даремно витратила гроші на Термометр . Вимірювання зовсім неточні.", негативний
"Витяжка  виглядає стильно і працює тихо, дуже задоволена!", позитивний
"Зволожувач повітря Philips HU2716 — чудовий вибір! Тихий, ефективний, повітря стало комфортнішим.", позитивний
"Праска  повністю розчарувала. Постійно пропускає воду, не рекомендую.", негативний
"Фен-щітка  — суцільне розчарування. Слабка потужність, волосся сушить довго.", негативний
"Блендер  дуже зручний у використанні! Потужний і компактний, раджу всім!", позитивний
"Кавоварка  перестала працювати через місяць. Не раджу витрачати гроші.", негативний
"Ручний пилосос  перестав тримати заряд після двох тижнів. Дуже розчарована.", негативний
"Смарт-лампа  перестала працювати через кілька днів. Не рекомендую!", негативний
"Кухонний комбайн  розчарував. Леза швидко затупились, не раджу.", негативний
"Масажер  чудовий! Знімає втому, користуюся щодня, дуже задоволена.", позитивний
"Електричний гриль  працює відмінно! Їжа смачна, користуватися легко, рекомендую.", позитивний
"Електронна вага працює, але іноді показує неточні результати. В цілому прийнятно.", нейтральний
"Тостер зламався через тиждень. Хліб постійно підгорає, не рекомендую.", негативний
"Електричний чайник чудовий! Швидко кип’ятить воду і виглядає стильно.", позитивний
"Хлібопічка працює, але іноді тісто не підходить як треба. Може, я щось не так роблю.", нейтральний
"Зарядний пристрій зламався через місяць використання. Дуже засмучена.", негативний
"Мікрохвильова піч працює бездоганно, всі функції як обіцяли, задоволена!", позитивний
"Фен Remington класний! Швидко висушує волосся, не пересушує, рекомендую!", позитивний
"Портативна колонка — чудовий звук і батарея тримає довго! Повністю задоволена покупкою.", позитивний
"Міксер розчарував. Потужність недостатня, для важких завдань не підходить.", негативний